2025-05-12 09:44:54 INFO  factory.Factory - Production successfully initialized and ready to perform
2025-05-12 09:44:54 INFO  factory.Factory - Production has been started
2025-05-12 09:44:57 INFO  factory.FactoryMonitor - Detail added: AccessoryDetail
2025-05-12 09:44:57 INFO  factory.FactoryMonitor - Detail added: MotorDetail
2025-05-12 09:44:57 INFO  factory.FactoryMonitor - Detail added: AccessoryDetail
2025-05-12 09:44:57 INFO  factory.FactoryMonitor - Detail added: MotorDetail
2025-05-12 09:44:57 INFO  factory.FactoryMonitor - Detail added: AccessoryDetail
2025-05-12 09:44:57 INFO  factory.FactoryMonitor - Detail added: BodyDetail
2025-05-12 09:44:57 INFO  factory.FactoryMonitor - Detail added: BodyDetail
2025-05-12 09:44:57 INFO  factory.FactoryMonitor - Detail added: Car
2025-05-12 09:44:57 INFO  factory.FactoryMonitor - Detail added: Car
2025-05-12 09:44:57 INFO  factory.FactoryMonitor - Car removed from storage
2025-05-12 09:44:57 INFO  factory.FactoryMonitor - Car removed from storage
2025-05-12 09:45:00 INFO  factory.FactoryMonitor - Detail added: MotorDetail
2025-05-12 09:45:00 INFO  factory.FactoryMonitor - Detail added: AccessoryDetail
2025-05-12 09:45:00 INFO  factory.FactoryMonitor - Detail added: AccessoryDetail
2025-05-12 09:45:00 INFO  factory.FactoryMonitor - Detail added: MotorDetail
2025-05-12 09:45:00 INFO  factory.FactoryMonitor - Detail added: AccessoryDetail
2025-05-12 09:45:00 INFO  factory.FactoryMonitor - Detail added: BodyDetail
2025-05-12 09:45:00 INFO  factory.FactoryMonitor - Detail added: BodyDetail
2025-05-12 09:45:00 INFO  factory.FactoryMonitor - Detail added: Car
2025-05-12 09:45:00 INFO  factory.FactoryMonitor - Car removed from storage
2025-05-12 09:45:00 INFO  factory.FactoryMonitor - Detail added: Car
2025-05-12 09:45:00 INFO  factory.FactoryMonitor - Car removed from storage
2025-05-12 09:45:03 INFO  factory.FactoryMonitor - Detail added: MotorDetail
2025-05-12 09:45:03 INFO  factory.FactoryMonitor - Detail added: AccessoryDetail
2025-05-12 09:45:03 INFO  factory.FactoryMonitor - Detail added: MotorDetail
2025-05-12 09:45:03 INFO  factory.FactoryMonitor - Detail added: AccessoryDetail
2025-05-12 09:45:03 INFO  factory.FactoryMonitor - Detail added: AccessoryDetail
2025-05-12 09:45:03 INFO  factory.FactoryMonitor - Detail added: BodyDetail
2025-05-12 09:45:03 INFO  factory.FactoryMonitor - Detail added: Car
2025-05-12 09:45:03 INFO  factory.FactoryMonitor - Car removed from storage
2025-05-12 09:45:03 INFO  factory.FactoryMonitor - Detail added: BodyDetail
2025-05-12 09:45:03 INFO  factory.FactoryMonitor - Detail added: Car
2025-05-12 09:45:03 INFO  factory.FactoryMonitor - Car removed from storage
2025-05-12 09:45:06 INFO  factory.FactoryMonitor - Detail added: MotorDetail
2025-05-12 09:45:06 INFO  factory.FactoryMonitor - Detail added: MotorDetail
2025-05-12 09:45:06 INFO  factory.FactoryMonitor - Detail added: AccessoryDetail
2025-05-12 09:45:06 INFO  factory.FactoryMonitor - Detail added: AccessoryDetail
2025-05-12 09:45:06 INFO  factory.FactoryMonitor - Detail added: AccessoryDetail
2025-05-12 09:45:06 INFO  factory.FactoryMonitor - Detail added: BodyDetail
2025-05-12 09:45:06 INFO  factory.FactoryMonitor - Detail added: Car
2025-05-12 09:45:06 INFO  factory.FactoryMonitor - Car removed from storage
2025-05-12 09:45:06 INFO  factory.FactoryMonitor - Detail added: BodyDetail
2025-05-12 09:45:06 INFO  factory.FactoryMonitor - Detail added: Car
2025-05-12 09:45:06 INFO  factory.FactoryMonitor - Car removed from storage
2025-05-12 09:45:07 INFO  factory.FactoryMonitor - Detail added: AccessoryDetail
2025-05-12 09:45:07 INFO  factory.FactoryMonitor - Detail added: AccessoryDetail
2025-05-12 09:45:07 INFO  factory.FactoryMonitor - Detail added: AccessoryDetail
2025-05-12 09:45:08 INFO  factory.FactoryMonitor - Detail added: AccessoryDetail
2025-05-12 09:45:08 INFO  factory.FactoryMonitor - Detail added: AccessoryDetail
2025-05-12 09:45:08 INFO  factory.FactoryMonitor - Detail added: AccessoryDetail
2025-05-12 09:45:09 INFO  factory.FactoryMonitor - Detail added: MotorDetail
2025-05-12 09:45:09 INFO  factory.FactoryMonitor - Detail added: BodyDetail
2025-05-12 09:45:09 INFO  factory.FactoryMonitor - Detail added: Car
2025-05-12 09:45:09 INFO  factory.FactoryMonitor - Car removed from storage
2025-05-12 09:45:09 INFO  factory.FactoryMonitor - Detail added: MotorDetail
2025-05-12 09:45:09 INFO  factory.FactoryMonitor - Detail added: BodyDetail
2025-05-12 09:45:09 INFO  factory.FactoryMonitor - Detail added: Car
2025-05-12 09:45:09 INFO  factory.FactoryMonitor - Car removed from storage
2025-05-12 09:45:10 INFO  factory.FactoryMonitor - Detail added: AccessoryDetail
2025-05-12 09:45:10 INFO  factory.FactoryMonitor - Detail added: AccessoryDetail
2025-05-12 09:45:10 INFO  factory.FactoryMonitor - Detail added: AccessoryDetail
2025-05-12 09:45:10 INFO  factory.FactoryMonitor - Detail added: MotorDetail
2025-05-12 09:45:10 INFO  factory.FactoryMonitor - Detail added: MotorDetail
2025-05-12 09:45:10 INFO  factory.FactoryMonitor - Detail added: BodyDetail
2025-05-12 09:45:10 INFO  factory.FactoryMonitor - Detail added: Car
2025-05-12 09:45:10 INFO  factory.FactoryMonitor - Car removed from storage
2025-05-12 09:45:10 INFO  factory.FactoryMonitor - Detail added: BodyDetail
2025-05-12 09:45:10 INFO  factory.FactoryMonitor - Detail added: Car
2025-05-12 09:45:11 INFO  factory.FactoryMonitor - Detail added: AccessoryDetail
2025-05-12 09:45:11 INFO  factory.FactoryMonitor - Detail added: AccessoryDetail
2025-05-12 09:45:11 INFO  factory.FactoryMonitor - Detail added: AccessoryDetail
2025-05-12 09:45:11 INFO  factory.FactoryMonitor - Detail added: MotorDetail
2025-05-12 09:45:11 INFO  factory.FactoryMonitor - Detail added: MotorDetail
2025-05-12 09:45:11 INFO  factory.FactoryMonitor - Detail added: BodyDetail
2025-05-12 09:45:11 INFO  factory.FactoryMonitor - Detail added: Car
2025-05-12 09:45:11 INFO  factory.FactoryMonitor - Detail added: BodyDetail
2025-05-12 09:45:11 INFO  factory.FactoryMonitor - Detail added: Car
2025-05-12 09:45:12 INFO  factory.FactoryMonitor - Detail added: AccessoryDetail
2025-05-12 09:45:12 INFO  factory.FactoryMonitor - Detail added: AccessoryDetail
2025-05-12 09:45:12 INFO  factory.FactoryMonitor - Detail added: AccessoryDetail
2025-05-12 09:45:12 INFO  factory.FactoryMonitor - Detail added: MotorDetail
2025-05-12 09:45:13 INFO  factory.FactoryMonitor - Detail added: BodyDetail
2025-05-12 09:45:13 INFO  factory.FactoryMonitor - Detail added: BodyDetail
2025-05-12 09:45:13 INFO  factory.FactoryMonitor - Detail added: MotorDetail
2025-05-12 09:45:13 INFO  factory.FactoryMonitor - Detail added: Car
2025-05-12 09:45:13 INFO  factory.FactoryMonitor - Detail added: Car
2025-05-12 09:45:13 INFO  factory.FactoryMonitor - Detail added: AccessoryDetail
2025-05-12 09:45:13 INFO  factory.FactoryMonitor - Detail added: AccessoryDetail
2025-05-12 09:45:13 INFO  factory.FactoryMonitor - Detail added: AccessoryDetail
2025-05-12 09:45:14 INFO  factory.FactoryMonitor - Detail added: MotorDetail
2025-05-12 09:45:14 INFO  factory.FactoryMonitor - Detail added: MotorDetail
2025-05-12 09:45:14 INFO  factory.FactoryMonitor - Detail added: BodyDetail
2025-05-12 09:45:14 INFO  factory.FactoryMonitor - Detail added: Car
2025-05-12 09:45:14 INFO  factory.FactoryMonitor - Detail added: BodyDetail
2025-05-12 09:45:14 INFO  factory.FactoryMonitor - Detail added: Car
2025-05-12 09:45:15 INFO  factory.FactoryMonitor - Detail added: AccessoryDetail
2025-05-12 09:45:15 INFO  factory.FactoryMonitor - Detail added: AccessoryDetail
2025-05-12 09:45:15 INFO  factory.FactoryMonitor - Detail added: AccessoryDetail
2025-05-12 09:45:15 INFO  factory.FactoryMonitor - Detail added: MotorDetail
2025-05-12 09:45:16 INFO  factory.FactoryMonitor - Detail added: MotorDetail
2025-05-12 09:45:16 INFO  factory.FactoryMonitor - Detail added: BodyDetail
2025-05-12 09:45:16 INFO  factory.FactoryMonitor - Car removed from storage
2025-05-12 09:45:16 INFO  factory.FactoryMonitor - Car removed from storage
2025-05-12 09:45:16 INFO  factory.FactoryMonitor - Detail added: AccessoryDetail
2025-05-12 09:45:16 INFO  factory.FactoryMonitor - Detail added: AccessoryDetail
2025-05-12 09:45:16 INFO  factory.FactoryMonitor - Detail added: AccessoryDetail
2025-05-12 09:45:16 INFO  factory.FactoryMonitor - Detail added: MotorDetail
2025-05-12 09:45:16 INFO  factory.FactoryMonitor - Detail added: Car
2025-05-12 09:45:16 INFO  factory.FactoryMonitor - Detail added: BodyDetail
2025-05-12 09:45:16 INFO  factory.FactoryMonitor - Detail added: Car
2025-05-12 09:45:17 INFO  factory.FactoryMonitor - Detail added: MotorDetail
2025-05-12 09:45:17 INFO  factory.FactoryMonitor - Detail added: MotorDetail
2025-05-12 09:45:17 INFO  factory.FactoryMonitor - Detail added: AccessoryDetail
2025-05-12 09:45:17 INFO  factory.FactoryMonitor - Detail added: AccessoryDetail
2025-05-12 09:45:17 INFO  factory.FactoryMonitor - Detail added: AccessoryDetail
2025-05-12 09:45:18 INFO  factory.FactoryMonitor - Detail added: BodyDetail
2025-05-12 09:45:18 INFO  factory.FactoryMonitor - Detail added: Car
2025-05-12 09:45:18 INFO  factory.FactoryMonitor - Detail added: BodyDetail
2025-05-12 09:45:18 INFO  factory.FactoryMonitor - Detail added: Car
2025-05-12 09:45:19 INFO  factory.FactoryMonitor - Detail added: MotorDetail
2025-05-12 09:45:19 INFO  factory.FactoryMonitor - Detail added: MotorDetail
2025-05-12 09:45:19 INFO  factory.FactoryMonitor - Detail added: AccessoryDetail
2025-05-12 09:45:19 INFO  factory.FactoryMonitor - Detail added: AccessoryDetail
2025-05-12 09:45:19 INFO  factory.FactoryMonitor - Detail added: AccessoryDetail
2025-05-12 09:45:19 INFO  factory.FactoryMonitor - Detail added: BodyDetail
2025-05-12 09:45:19 INFO  factory.FactoryMonitor - Detail added: Car
2025-05-12 09:45:19 INFO  factory.FactoryMonitor - Detail added: BodyDetail
2025-05-12 09:45:19 INFO  factory.FactoryMonitor - Detail added: Car
2025-05-12 09:45:19 INFO  factory.FactoryMonitor - Car removed from storage
2025-05-12 09:45:19 INFO  factory.FactoryMonitor - Car removed from storage
2025-05-12 09:45:20 INFO  factory.FactoryMonitor - Detail added: MotorDetail
2025-05-12 09:45:20 INFO  factory.FactoryMonitor - Detail added: MotorDetail
2025-05-12 09:45:20 INFO  factory.FactoryMonitor - Detail added: AccessoryDetail
2025-05-12 09:45:20 INFO  factory.FactoryMonitor - Detail added: AccessoryDetail
2025-05-12 09:45:20 INFO  factory.FactoryMonitor - Detail added: AccessoryDetail
2025-05-12 09:45:20 INFO  factory.FactoryMonitor - Detail added: BodyDetail
2025-05-12 09:45:20 INFO  factory.FactoryMonitor - Detail added: Car
2025-05-12 09:45:20 INFO  factory.FactoryMonitor - Detail added: BodyDetail
2025-05-12 09:45:20 INFO  factory.FactoryMonitor - Detail added: Car
2025-05-12 09:45:20 INFO  factory.FactoryMonitor - Car removed from storage
2025-05-12 09:45:21 INFO  factory.FactoryMonitor - Detail added: MotorDetail
2025-05-12 09:45:21 INFO  factory.FactoryMonitor - Detail added: MotorDetail
2025-05-12 09:45:21 INFO  factory.FactoryMonitor - Detail added: AccessoryDetail
2025-05-12 09:45:21 INFO  factory.FactoryMonitor - Detail added: AccessoryDetail
2025-05-12 09:45:21 INFO  factory.FactoryMonitor - Detail added: AccessoryDetail
2025-05-12 09:45:21 INFO  factory.FactoryMonitor - Detail added: BodyDetail
2025-05-12 09:45:21 INFO  factory.FactoryMonitor - Detail added: Car
2025-05-12 09:45:21 INFO  factory.FactoryMonitor - Detail added: BodyDetail
2025-05-12 09:45:21 INFO  factory.FactoryMonitor - Detail added: Car
2025-05-12 09:45:22 INFO  factory.FactoryMonitor - Detail added: MotorDetail
2025-05-12 09:45:22 INFO  factory.FactoryMonitor - Detail added: MotorDetail
2025-05-12 09:45:23 INFO  factory.FactoryMonitor - Detail added: AccessoryDetail
2025-05-12 09:45:23 INFO  factory.FactoryMonitor - Detail added: AccessoryDetail
2025-05-12 09:45:23 INFO  factory.FactoryMonitor - Detail added: AccessoryDetail
2025-05-12 09:45:23 INFO  factory.FactoryMonitor - Detail added: BodyDetail
2025-05-12 09:45:23 INFO  factory.FactoryMonitor - Detail added: Car
2025-05-12 09:45:23 INFO  factory.FactoryMonitor - Detail added: BodyDetail
2025-05-12 09:45:23 INFO  factory.FactoryMonitor - Detail added: Car
2025-05-12 09:45:24 INFO  factory.FactoryMonitor - Detail added: BodyDetail
2025-05-12 09:45:24 INFO  factory.FactoryMonitor - Detail added: Car
2025-05-12 09:45:24 INFO  factory.FactoryMonitor - Detail added: AccessoryDetail
2025-05-12 09:45:24 INFO  factory.FactoryMonitor - Detail added: MotorDetail
2025-05-12 09:45:24 INFO  factory.FactoryMonitor - Detail added: BodyDetail
2025-05-12 09:45:24 INFO  factory.FactoryMonitor - Detail added: MotorDetail
2025-05-12 09:45:24 INFO  factory.FactoryMonitor - Detail added: AccessoryDetail
2025-05-12 09:45:24 INFO  factory.FactoryMonitor - Detail added: Car
2025-05-12 09:45:24 INFO  factory.FactoryMonitor - Detail added: AccessoryDetail
2025-05-12 09:45:25 INFO  factory.FactoryMonitor - Detail added: MotorDetail
2025-05-12 09:45:25 INFO  factory.FactoryMonitor - Detail added: MotorDetail
2025-05-12 09:45:26 INFO  factory.FactoryMonitor - Detail added: AccessoryDetail
2025-05-12 09:45:26 INFO  factory.FactoryMonitor - Detail added: AccessoryDetail
2025-05-12 09:45:26 INFO  factory.FactoryMonitor - Detail added: AccessoryDetail
2025-05-12 09:45:26 INFO  factory.FactoryMonitor - Detail added: BodyDetail
2025-05-12 09:45:26 INFO  factory.FactoryMonitor - Detail added: Car
2025-05-12 09:45:26 INFO  factory.FactoryMonitor - Detail added: BodyDetail
2025-05-12 09:45:26 INFO  factory.FactoryMonitor - Detail added: Car
2025-05-12 09:45:26 INFO  factory.FactoryMonitor - Car removed from storage
2025-05-12 09:45:26 INFO  factory.FactoryMonitor - Car removed from storage
2025-05-12 09:45:27 INFO  factory.FactoryMonitor - Detail added: MotorDetail
2025-05-12 09:45:27 INFO  factory.FactoryMonitor - Detail added: MotorDetail
2025-05-12 09:45:27 INFO  factory.FactoryMonitor - Detail added: AccessoryDetail
2025-05-12 09:45:27 INFO  factory.FactoryMonitor - Detail added: AccessoryDetail
2025-05-12 09:45:27 INFO  factory.FactoryMonitor - Detail added: AccessoryDetail
2025-05-12 09:45:27 INFO  factory.FactoryMonitor - Detail added: BodyDetail
2025-05-12 09:45:27 INFO  factory.FactoryMonitor - Detail added: Car
2025-05-12 09:45:27 INFO  factory.FactoryMonitor - Detail added: BodyDetail
2025-05-12 09:45:27 INFO  factory.FactoryMonitor - Detail added: Car
2025-05-12 09:45:29 INFO  factory.FactoryMonitor - Detail added: MotorDetail
2025-05-12 09:45:29 INFO  factory.FactoryMonitor - Detail added: AccessoryDetail
2025-05-12 09:45:29 INFO  factory.FactoryMonitor - Car removed from storage
2025-05-12 09:45:29 INFO  factory.FactoryMonitor - Detail added: BodyDetail
2025-05-12 09:45:29 INFO  factory.FactoryMonitor - Detail added: BodyDetail
2025-05-12 09:45:29 INFO  factory.FactoryMonitor - Detail added: MotorDetail
2025-05-12 09:45:29 INFO  factory.FactoryMonitor - Car removed from storage
2025-05-12 09:45:29 INFO  factory.FactoryMonitor - Detail added: AccessoryDetail
2025-05-12 09:45:29 INFO  factory.FactoryMonitor - Detail added: AccessoryDetail
2025-05-12 09:45:29 INFO  factory.FactoryMonitor - Detail added: Car
2025-05-12 09:45:29 INFO  factory.FactoryMonitor - Detail added: Car
2025-05-12 09:45:30 INFO  factory.FactoryMonitor - Car removed from storage
2025-05-12 09:45:31 INFO  factory.FactoryMonitor - Detail added: MotorDetail
2025-05-12 09:45:31 INFO  factory.FactoryMonitor - Detail added: MotorDetail
2025-05-12 09:45:31 INFO  factory.FactoryMonitor - Detail added: AccessoryDetail
2025-05-12 09:45:31 INFO  factory.FactoryMonitor - Detail added: AccessoryDetail
2025-05-12 09:45:31 INFO  factory.FactoryMonitor - Detail added: AccessoryDetail
2025-05-12 09:45:31 INFO  factory.FactoryMonitor - Detail added: BodyDetail
2025-05-12 09:45:31 INFO  factory.FactoryMonitor - Detail added: BodyDetail
2025-05-12 09:45:31 INFO  factory.FactoryMonitor - Detail added: Car
2025-05-12 09:45:31 INFO  factory.FactoryMonitor - Detail added: Car
2025-05-12 09:45:32 INFO  factory.FactoryMonitor - Detail added: MotorDetail
2025-05-12 09:45:32 INFO  factory.FactoryMonitor - Detail added: MotorDetail
2025-05-12 09:45:32 INFO  factory.FactoryMonitor - Detail added: AccessoryDetail
2025-05-12 09:45:32 INFO  factory.FactoryMonitor - Detail added: AccessoryDetail
2025-05-12 09:45:32 INFO  factory.FactoryMonitor - Detail added: AccessoryDetail
2025-05-12 09:45:32 INFO  factory.FactoryMonitor - Detail added: BodyDetail
2025-05-12 09:45:32 INFO  factory.FactoryMonitor - Detail added: Car
2025-05-12 09:45:32 INFO  factory.FactoryMonitor - Detail added: BodyDetail
2025-05-12 09:45:32 INFO  factory.FactoryMonitor - Detail added: Car
2025-05-12 09:45:33 INFO  factory.FactoryMonitor - Detail added: MotorDetail
2025-05-12 09:45:33 INFO  factory.FactoryMonitor - Detail added: MotorDetail
2025-05-12 09:45:33 INFO  factory.FactoryMonitor - Detail added: AccessoryDetail
2025-05-12 09:45:33 INFO  factory.FactoryMonitor - Detail added: AccessoryDetail
2025-05-12 09:45:33 INFO  factory.FactoryMonitor - Detail added: AccessoryDetail
2025-05-12 09:45:33 INFO  factory.FactoryMonitor - Detail added: BodyDetail
2025-05-12 09:45:33 INFO  factory.FactoryMonitor - Detail added: BodyDetail
2025-05-12 09:45:33 INFO  factory.FactoryMonitor - Detail added: Car
2025-05-12 09:45:33 INFO  factory.FactoryMonitor - Detail added: Car
2025-05-12 09:45:34 INFO  factory.FactoryMonitor - Detail added: MotorDetail
2025-05-12 09:45:34 INFO  factory.FactoryMonitor - Detail added: MotorDetail
2025-05-12 09:45:34 INFO  factory.FactoryMonitor - Detail added: AccessoryDetail
2025-05-12 09:45:34 INFO  factory.FactoryMonitor - Detail added: AccessoryDetail
2025-05-12 09:45:34 INFO  factory.FactoryMonitor - Detail added: AccessoryDetail
2025-05-12 09:45:34 INFO  factory.FactoryMonitor - Detail added: BodyDetail
2025-05-12 09:45:34 INFO  factory.FactoryMonitor - Detail added: Car
2025-05-12 09:45:34 INFO  factory.FactoryMonitor - Detail added: BodyDetail
2025-05-12 09:45:34 INFO  factory.FactoryMonitor - Detail added: Car
2025-05-12 09:45:35 INFO  factory.FactoryMonitor - Detail added: MotorDetail
2025-05-12 09:45:35 INFO  factory.FactoryMonitor - Detail added: MotorDetail
2025-05-12 09:45:36 INFO  factory.FactoryMonitor - Detail added: AccessoryDetail
2025-05-12 09:45:36 INFO  factory.FactoryMonitor - Detail added: AccessoryDetail
2025-05-12 09:45:36 INFO  factory.FactoryMonitor - Detail added: AccessoryDetail
2025-05-12 09:45:36 INFO  factory.FactoryMonitor - Detail added: BodyDetail
2025-05-12 09:45:36 INFO  factory.FactoryMonitor - Detail added: BodyDetail
2025-05-12 09:45:36 INFO  factory.FactoryMonitor - Detail added: Car
2025-05-12 09:45:36 INFO  factory.FactoryMonitor - Detail added: Car
2025-05-12 09:45:36 INFO  factory.FactoryMonitor - Car removed from storage
2025-05-12 09:45:36 INFO  factory.FactoryMonitor - Car removed from storage
2025-05-12 09:45:37 INFO  factory.FactoryMonitor - Detail added: MotorDetail
2025-05-12 09:45:37 INFO  factory.FactoryMonitor - Detail added: MotorDetail
2025-05-12 09:45:37 INFO  factory.FactoryMonitor - Detail added: AccessoryDetail
2025-05-12 09:45:37 INFO  factory.FactoryMonitor - Detail added: AccessoryDetail
2025-05-12 09:45:37 INFO  factory.FactoryMonitor - Detail added: AccessoryDetail
2025-05-12 09:45:37 INFO  factory.FactoryMonitor - Detail added: BodyDetail
2025-05-12 09:45:37 INFO  factory.FactoryMonitor - Detail added: Car
2025-05-12 09:45:37 INFO  factory.FactoryMonitor - Detail added: BodyDetail
2025-05-12 09:45:37 INFO  factory.FactoryMonitor - Detail added: Car
2025-05-12 09:45:38 INFO  factory.FactoryMonitor - Detail added: MotorDetail
2025-05-12 09:45:38 INFO  factory.FactoryMonitor - Detail added: MotorDetail
2025-05-12 09:45:38 INFO  factory.FactoryMonitor - Detail added: AccessoryDetail
2025-05-12 09:45:38 INFO  factory.FactoryMonitor - Detail added: AccessoryDetail
2025-05-12 09:45:38 INFO  factory.FactoryMonitor - Detail added: AccessoryDetail
2025-05-12 09:45:38 INFO  factory.FactoryMonitor - Detail added: BodyDetail
2025-05-12 09:45:38 INFO  factory.FactoryMonitor - Detail added: Car
2025-05-12 09:45:38 INFO  factory.FactoryMonitor - Detail added: BodyDetail
2025-05-12 09:45:38 INFO  factory.FactoryMonitor - Detail added: Car
2025-05-12 09:45:39 INFO  factory.FactoryMonitor - Detail added: MotorDetail
2025-05-12 09:45:39 INFO  factory.FactoryMonitor - Detail added: MotorDetail
2025-05-12 09:45:39 INFO  factory.FactoryMonitor - Car removed from storage
2025-05-12 09:45:39 INFO  factory.FactoryMonitor - Car removed from storage
2025-05-12 09:45:39 INFO  factory.FactoryMonitor - Detail added: AccessoryDetail
2025-05-12 09:45:39 INFO  factory.FactoryMonitor - Detail added: AccessoryDetail
2025-05-12 09:45:39 INFO  factory.FactoryMonitor - Detail added: AccessoryDetail
2025-05-12 09:45:40 INFO  factory.FactoryMonitor - Detail added: BodyDetail
2025-05-12 09:45:40 INFO  factory.FactoryMonitor - Detail added: Car
2025-05-12 09:45:40 INFO  factory.FactoryMonitor - Detail added: BodyDetail
2025-05-12 09:45:40 INFO  factory.FactoryMonitor - Detail added: Car
2025-05-12 09:45:40 INFO  factory.FactoryMonitor - Car removed from storage
2025-05-12 09:45:40 INFO  factory.FactoryMonitor - Detail added: MotorDetail
2025-05-12 09:45:40 INFO  factory.FactoryMonitor - Detail added: MotorDetail
2025-05-12 09:45:41 INFO  factory.FactoryMonitor - Detail added: AccessoryDetail
2025-05-12 09:45:41 INFO  factory.FactoryMonitor - Detail added: AccessoryDetail
2025-05-12 09:45:41 INFO  factory.FactoryMonitor - Detail added: AccessoryDetail
2025-05-12 09:45:41 INFO  factory.FactoryMonitor - Detail added: BodyDetail
2025-05-12 09:45:41 INFO  factory.FactoryMonitor - Detail added: Car
2025-05-12 09:45:41 INFO  factory.FactoryMonitor - Detail added: BodyDetail
2025-05-12 09:45:41 INFO  factory.FactoryMonitor - Detail added: Car
2025-05-12 09:45:41 INFO  factory.FactoryMonitor - Detail added: MotorDetail
2025-05-12 09:45:41 INFO  factory.FactoryMonitor - Detail added: MotorDetail
2025-05-12 09:45:42 INFO  factory.FactoryMonitor - Detail added: AccessoryDetail
2025-05-12 09:45:42 INFO  factory.FactoryMonitor - Detail added: AccessoryDetail
2025-05-12 09:45:42 INFO  factory.FactoryMonitor - Detail added: AccessoryDetail
2025-05-12 09:45:42 INFO  factory.FactoryMonitor - Detail added: BodyDetail
2025-05-12 09:45:42 INFO  factory.FactoryMonitor - Detail added: Car
2025-05-12 09:45:42 INFO  factory.FactoryMonitor - Detail added: BodyDetail
2025-05-12 09:45:42 INFO  factory.FactoryMonitor - Detail added: Car
2025-05-12 09:45:43 INFO  factory.FactoryMonitor - Detail added: MotorDetail
2025-05-12 09:45:43 INFO  factory.FactoryMonitor - Detail added: MotorDetail
2025-05-12 09:45:43 INFO  factory.FactoryMonitor - Detail added: AccessoryDetail
2025-05-12 09:45:43 INFO  factory.FactoryMonitor - Detail added: AccessoryDetail
2025-05-12 09:45:43 INFO  factory.FactoryMonitor - Detail added: AccessoryDetail
2025-05-12 09:45:43 INFO  factory.FactoryMonitor - Detail added: BodyDetail
2025-05-12 09:45:43 INFO  factory.FactoryMonitor - Detail added: Car
2025-05-12 09:45:43 INFO  factory.FactoryMonitor - Detail added: BodyDetail
2025-05-12 09:45:43 INFO  factory.FactoryMonitor - Detail added: Car
2025-05-12 09:45:44 INFO  factory.FactoryMonitor - Detail added: MotorDetail
2025-05-12 09:45:44 INFO  factory.FactoryMonitor - Detail added: MotorDetail
2025-05-12 09:45:44 INFO  factory.FactoryMonitor - Detail added: AccessoryDetail
2025-05-12 09:45:44 INFO  factory.FactoryMonitor - Detail added: AccessoryDetail
2025-05-12 09:45:44 INFO  factory.FactoryMonitor - Detail added: AccessoryDetail
2025-05-12 09:45:45 INFO  factory.FactoryMonitor - Detail added: BodyDetail
2025-05-12 09:45:45 INFO  factory.FactoryMonitor - Detail added: Car
2025-05-12 09:45:45 INFO  factory.FactoryMonitor - Detail added: BodyDetail
2025-05-12 09:45:45 INFO  factory.FactoryMonitor - Detail added: Car
2025-05-12 09:45:45 INFO  factory.FactoryMonitor - Detail added: MotorDetail
2025-05-12 09:45:45 INFO  factory.FactoryMonitor - Detail added: MotorDetail
2025-05-12 09:45:46 INFO  factory.FactoryMonitor - Detail added: AccessoryDetail
2025-05-12 09:45:46 INFO  factory.FactoryMonitor - Detail added: AccessoryDetail
2025-05-12 09:45:46 INFO  factory.FactoryMonitor - Detail added: AccessoryDetail
2025-05-12 09:45:46 INFO  factory.FactoryMonitor - Detail added: BodyDetail
2025-05-12 09:45:46 INFO  factory.FactoryMonitor - Detail added: Car
2025-05-12 09:45:46 INFO  factory.FactoryMonitor - Detail added: BodyDetail
2025-05-12 09:45:46 INFO  factory.FactoryMonitor - Detail added: Car
2025-05-12 09:45:46 INFO  factory.FactoryMonitor - Detail added: MotorDetail
2025-05-12 09:45:46 INFO  factory.FactoryMonitor - Detail added: MotorDetail
2025-05-12 09:45:46 INFO  factory.FactoryMonitor - Car removed from storage
2025-05-12 09:45:46 INFO  factory.FactoryMonitor - Car removed from storage
2025-05-12 09:45:47 INFO  factory.FactoryMonitor - Detail added: AccessoryDetail
2025-05-12 09:45:47 INFO  factory.FactoryMonitor - Detail added: AccessoryDetail
2025-05-12 09:45:47 INFO  factory.FactoryMonitor - Detail added: AccessoryDetail
2025-05-12 09:45:47 INFO  factory.FactoryMonitor - Detail added: BodyDetail
2025-05-12 09:45:47 INFO  factory.FactoryMonitor - Detail added: Car
2025-05-12 09:45:47 INFO  factory.FactoryMonitor - Detail added: BodyDetail
2025-05-12 09:45:47 INFO  factory.FactoryMonitor - Detail added: Car
2025-05-12 09:45:47 INFO  factory.FactoryMonitor - Detail added: MotorDetail
2025-05-12 09:45:47 INFO  factory.FactoryMonitor - Detail added: MotorDetail
2025-05-12 09:45:48 INFO  factory.FactoryMonitor - Detail added: AccessoryDetail
2025-05-12 09:45:48 INFO  factory.FactoryMonitor - Detail added: AccessoryDetail
2025-05-12 09:45:48 INFO  factory.FactoryMonitor - Detail added: AccessoryDetail
2025-05-12 09:45:49 INFO  factory.FactoryMonitor - Detail added: BodyDetail
2025-05-12 09:45:49 INFO  factory.FactoryMonitor - Detail added: Car
2025-05-12 09:45:49 INFO  factory.FactoryMonitor - Detail added: BodyDetail
2025-05-12 09:45:49 INFO  factory.FactoryMonitor - Detail added: Car
2025-05-12 09:45:49 INFO  factory.FactoryMonitor - Detail added: MotorDetail
2025-05-12 09:45:49 INFO  factory.FactoryMonitor - Detail added: MotorDetail
2025-05-12 09:45:49 INFO  factory.FactoryMonitor - Car removed from storage
2025-05-12 09:45:49 INFO  factory.FactoryMonitor - Car removed from storage
2025-05-12 09:45:49 INFO  factory.FactoryMonitor - Detail added: AccessoryDetail
2025-05-12 09:45:49 INFO  factory.FactoryMonitor - Detail added: AccessoryDetail
2025-05-12 09:45:49 INFO  factory.FactoryMonitor - Detail added: AccessoryDetail
2025-05-12 09:45:50 INFO  factory.FactoryMonitor - Detail added: MotorDetail
2025-05-12 09:45:50 INFO  factory.FactoryMonitor - Detail added: BodyDetail
2025-05-12 09:45:50 INFO  factory.FactoryMonitor - Detail added: Car
2025-05-12 09:45:50 INFO  factory.FactoryMonitor - Detail added: MotorDetail
2025-05-12 09:45:50 INFO  factory.FactoryMonitor - Detail added: BodyDetail
2025-05-12 09:45:50 INFO  factory.FactoryMonitor - Detail added: Car
2025-05-12 09:45:50 INFO  factory.FactoryMonitor - Car removed from storage
2025-05-12 09:45:51 INFO  factory.FactoryMonitor - Detail added: AccessoryDetail
2025-05-12 09:45:51 INFO  factory.FactoryMonitor - Detail added: AccessoryDetail
2025-05-12 09:45:51 INFO  factory.FactoryMonitor - Detail added: AccessoryDetail
2025-05-12 09:45:51 INFO  factory.FactoryMonitor - Detail added: MotorDetail
2025-05-12 09:45:51 INFO  factory.FactoryMonitor - Detail added: MotorDetail
2025-05-12 09:45:51 INFO  factory.FactoryMonitor - Detail added: BodyDetail
2025-05-12 09:45:51 INFO  factory.FactoryMonitor - Detail added: Car
2025-05-12 09:45:51 INFO  factory.FactoryMonitor - Detail added: BodyDetail
2025-05-12 09:45:51 INFO  factory.FactoryMonitor - Detail added: Car
2025-05-12 09:45:52 INFO  factory.FactoryMonitor - Detail added: AccessoryDetail
2025-05-12 09:45:52 INFO  factory.FactoryMonitor - Detail added: AccessoryDetail
2025-05-12 09:45:52 INFO  factory.FactoryMonitor - Detail added: AccessoryDetail
2025-05-12 09:45:52 INFO  factory.FactoryMonitor - Detail added: MotorDetail
2025-05-12 09:45:52 INFO  factory.FactoryMonitor - Detail added: MotorDetail
2025-05-12 09:45:52 INFO  factory.FactoryMonitor - Detail added: BodyDetail
2025-05-12 09:45:52 INFO  factory.FactoryMonitor - Detail added: Car
2025-05-12 09:45:52 INFO  factory.FactoryMonitor - Detail added: BodyDetail
2025-05-12 09:45:52 INFO  factory.FactoryMonitor - Detail added: Car
2025-05-12 09:45:53 INFO  factory.FactoryMonitor - Detail added: AccessoryDetail
2025-05-12 09:45:53 INFO  factory.FactoryMonitor - Detail added: AccessoryDetail
2025-05-12 09:45:53 INFO  factory.FactoryMonitor - Detail added: AccessoryDetail
2025-05-12 09:45:53 INFO  factory.FactoryMonitor - Detail added: MotorDetail
2025-05-12 09:45:53 INFO  factory.FactoryMonitor - Detail added: MotorDetail
2025-05-12 09:45:54 INFO  factory.FactoryMonitor - Detail added: BodyDetail
2025-05-12 09:45:54 INFO  factory.FactoryMonitor - Detail added: Car
2025-05-12 09:45:54 INFO  factory.FactoryMonitor - Detail added: BodyDetail
2025-05-12 09:45:54 INFO  factory.FactoryMonitor - Detail added: Car
2025-05-12 09:45:54 INFO  factory.FactoryMonitor - Detail added: AccessoryDetail
2025-05-12 09:45:54 INFO  factory.FactoryMonitor - Detail added: AccessoryDetail
2025-05-12 09:45:54 INFO  factory.FactoryMonitor - Detail added: AccessoryDetail
2025-05-12 09:45:55 INFO  factory.FactoryMonitor - Detail added: MotorDetail
2025-05-12 09:45:55 INFO  factory.FactoryMonitor - Detail added: MotorDetail
2025-05-12 09:45:55 INFO  factory.FactoryMonitor - Detail added: BodyDetail
2025-05-12 09:45:55 INFO  factory.FactoryMonitor - Detail added: Car
2025-05-12 09:45:55 INFO  factory.FactoryMonitor - Detail added: BodyDetail
2025-05-12 09:45:55 INFO  factory.FactoryMonitor - Detail added: Car
2025-05-12 09:45:56 INFO  factory.FactoryMonitor - Detail added: AccessoryDetail
2025-05-12 09:45:56 INFO  factory.FactoryMonitor - Detail added: AccessoryDetail
2025-05-12 09:45:56 INFO  factory.FactoryMonitor - Detail added: AccessoryDetail
2025-05-12 09:45:56 INFO  factory.FactoryMonitor - Detail added: MotorDetail
2025-05-12 09:45:56 INFO  factory.FactoryMonitor - Detail added: MotorDetail
2025-05-12 09:45:56 INFO  factory.FactoryMonitor - Car removed from storage
2025-05-12 09:45:56 INFO  factory.FactoryMonitor - Car removed from storage
2025-05-12 09:45:56 INFO  factory.FactoryMonitor - Detail added: BodyDetail
2025-05-12 09:45:56 INFO  factory.FactoryMonitor - Detail added: Car
2025-05-12 09:45:56 INFO  factory.FactoryMonitor - Detail added: BodyDetail
2025-05-12 09:45:56 INFO  factory.FactoryMonitor - Detail added: Car
2025-05-12 09:45:57 INFO  factory.FactoryMonitor - Detail added: AccessoryDetail
2025-05-12 09:45:57 INFO  factory.FactoryMonitor - Detail added: AccessoryDetail
2025-05-12 09:45:57 INFO  factory.FactoryMonitor - Detail added: AccessoryDetail
2025-05-12 09:45:57 INFO  factory.FactoryMonitor - Detail added: MotorDetail
2025-05-12 09:45:57 INFO  factory.FactoryMonitor - Detail added: MotorDetail
2025-05-12 09:45:58 INFO  factory.FactoryMonitor - Detail added: BodyDetail
2025-05-12 09:45:58 INFO  factory.FactoryMonitor - Detail added: Car
2025-05-12 09:45:58 INFO  factory.FactoryMonitor - Detail added: BodyDetail
2025-05-12 09:45:58 INFO  factory.FactoryMonitor - Detail added: Car
2025-05-12 09:45:58 INFO  factory.FactoryMonitor - Detail added: AccessoryDetail
2025-05-12 09:45:58 INFO  factory.FactoryMonitor - Detail added: AccessoryDetail
2025-05-12 09:45:58 INFO  factory.FactoryMonitor - Detail added: AccessoryDetail
2025-05-12 09:45:58 INFO  factory.FactoryMonitor - Detail added: MotorDetail
2025-05-12 09:45:58 INFO  factory.FactoryMonitor - Detail added: MotorDetail
2025-05-12 09:45:59 INFO  factory.FactoryMonitor - Detail added: BodyDetail
2025-05-12 09:45:59 INFO  factory.FactoryMonitor - Detail added: Car
2025-05-12 09:45:59 INFO  factory.FactoryMonitor - Detail added: BodyDetail
2025-05-12 09:45:59 INFO  factory.FactoryMonitor - Detail added: Car
2025-05-12 09:45:59 INFO  factory.FactoryMonitor - Car removed from storage
2025-05-12 09:45:59 INFO  factory.FactoryMonitor - Car removed from storage
2025-05-12 09:45:59 INFO  factory.FactoryMonitor - Detail added: AccessoryDetail
2025-05-12 09:45:59 INFO  factory.FactoryMonitor - Detail added: AccessoryDetail
2025-05-12 09:46:00 INFO  factory.FactoryMonitor - Detail added: MotorDetail
2025-05-12 09:46:00 INFO  factory.FactoryMonitor - Detail added: MotorDetail
2025-05-12 09:46:00 INFO  factory.FactoryMonitor - Detail added: AccessoryDetail
2025-05-12 09:46:00 INFO  factory.FactoryMonitor - Car removed from storage
2025-05-12 09:46:00 INFO  factory.FactoryMonitor - Detail added: BodyDetail
2025-05-12 09:46:00 INFO  factory.FactoryMonitor - Detail added: Car
2025-05-12 09:46:00 INFO  factory.FactoryMonitor - Detail added: BodyDetail
2025-05-12 09:46:00 INFO  factory.FactoryMonitor - Detail added: Car
2025-05-12 09:46:01 INFO  factory.FactoryMonitor - Detail added: MotorDetail
2025-05-12 09:46:01 INFO  factory.FactoryMonitor - Detail added: MotorDetail
2025-05-12 09:46:01 INFO  factory.FactoryMonitor - Detail added: AccessoryDetail
2025-05-12 09:46:01 INFO  factory.FactoryMonitor - Detail added: AccessoryDetail
2025-05-12 09:46:01 INFO  factory.FactoryMonitor - Detail added: AccessoryDetail
2025-05-12 09:46:01 INFO  factory.FactoryMonitor - Detail added: BodyDetail
2025-05-12 09:46:01 INFO  factory.FactoryMonitor - Detail added: Car
2025-05-12 09:46:01 INFO  factory.FactoryMonitor - Detail added: BodyDetail
2025-05-12 09:46:01 INFO  factory.FactoryMonitor - Detail added: Car
2025-05-12 09:46:02 INFO  factory.FactoryMonitor - Detail added: MotorDetail
2025-05-12 09:46:02 INFO  factory.FactoryMonitor - Detail added: MotorDetail
2025-05-12 09:46:02 INFO  factory.FactoryMonitor - Detail added: AccessoryDetail
2025-05-12 09:46:02 INFO  factory.FactoryMonitor - Detail added: AccessoryDetail
2025-05-12 09:46:02 INFO  factory.FactoryMonitor - Detail added: AccessoryDetail
2025-05-12 09:46:03 INFO  factory.FactoryMonitor - Detail added: BodyDetail
2025-05-12 09:46:03 INFO  factory.FactoryMonitor - Detail added: Car
2025-05-12 09:46:03 INFO  factory.FactoryMonitor - Detail added: BodyDetail
2025-05-12 09:46:03 INFO  factory.FactoryMonitor - Detail added: Car
2025-05-12 09:46:03 INFO  factory.FactoryMonitor - Detail added: MotorDetail
2025-05-12 09:46:03 INFO  factory.FactoryMonitor - Detail added: MotorDetail
2025-05-12 09:46:03 INFO  factory.FactoryMonitor - Detail added: AccessoryDetail
2025-05-12 09:46:03 INFO  factory.FactoryMonitor - Detail added: AccessoryDetail
2025-05-12 09:46:03 INFO  factory.FactoryMonitor - Detail added: AccessoryDetail
2025-05-12 09:46:04 INFO  factory.FactoryMonitor - Detail added: BodyDetail
2025-05-12 09:46:04 INFO  factory.FactoryMonitor - Detail added: Car
2025-05-12 09:46:04 INFO  factory.FactoryMonitor - Detail added: BodyDetail
2025-05-12 09:46:04 INFO  factory.FactoryMonitor - Detail added: Car
2025-05-12 09:46:04 INFO  factory.FactoryMonitor - Detail added: MotorDetail
2025-05-12 09:46:04 INFO  factory.FactoryMonitor - Detail added: MotorDetail
2025-05-12 09:46:05 INFO  factory.FactoryMonitor - Detail added: AccessoryDetail
2025-05-12 09:46:05 INFO  factory.FactoryMonitor - Detail added: AccessoryDetail
2025-05-12 09:46:05 INFO  factory.FactoryMonitor - Detail added: AccessoryDetail
2025-05-12 09:46:05 INFO  factory.FactoryMonitor - Detail added: BodyDetail
2025-05-12 09:46:05 INFO  factory.FactoryMonitor - Detail added: Car
2025-05-12 09:46:05 INFO  factory.FactoryMonitor - Detail added: BodyDetail
2025-05-12 09:46:05 INFO  factory.FactoryMonitor - Detail added: Car
2025-05-12 09:46:06 INFO  factory.FactoryMonitor - Detail added: MotorDetail
2025-05-12 09:46:06 INFO  factory.FactoryMonitor - Detail added: MotorDetail
2025-05-12 09:46:06 INFO  factory.FactoryMonitor - Detail added: AccessoryDetail
2025-05-12 09:46:06 INFO  factory.FactoryMonitor - Detail added: AccessoryDetail
2025-05-12 09:46:06 INFO  factory.FactoryMonitor - Detail added: AccessoryDetail
2025-05-12 09:46:06 INFO  factory.FactoryMonitor - Car removed from storage
2025-05-12 09:46:06 INFO  factory.FactoryMonitor - Car removed from storage
2025-05-12 09:46:07 INFO  factory.FactoryMonitor - Detail added: BodyDetail
2025-05-12 09:46:07 INFO  factory.FactoryMonitor - Detail added: Car
2025-05-12 09:46:07 INFO  factory.FactoryMonitor - Detail added: BodyDetail
2025-05-12 09:46:07 INFO  factory.FactoryMonitor - Detail added: Car
2025-05-12 09:46:07 INFO  factory.FactoryMonitor - Detail added: MotorDetail
2025-05-12 09:46:07 INFO  factory.FactoryMonitor - Detail added: MotorDetail
2025-05-12 09:46:07 INFO  factory.FactoryMonitor - Detail added: AccessoryDetail
2025-05-12 09:46:07 INFO  factory.FactoryMonitor - Detail added: AccessoryDetail
2025-05-12 09:46:07 INFO  factory.FactoryMonitor - Detail added: AccessoryDetail
2025-05-12 09:46:08 INFO  factory.FactoryMonitor - Detail added: BodyDetail
2025-05-12 09:46:08 INFO  factory.FactoryMonitor - Detail added: Car
2025-05-12 09:46:08 INFO  factory.FactoryMonitor - Detail added: BodyDetail
2025-05-12 09:46:08 INFO  factory.FactoryMonitor - Detail added: Car
2025-05-12 09:46:08 INFO  factory.FactoryMonitor - Detail added: MotorDetail
2025-05-12 09:46:08 INFO  factory.FactoryMonitor - Detail added: MotorDetail
2025-05-12 09:46:08 INFO  factory.FactoryMonitor - Detail added: AccessoryDetail
2025-05-12 09:46:08 INFO  factory.FactoryMonitor - Detail added: AccessoryDetail
2025-05-12 09:46:08 INFO  factory.FactoryMonitor - Detail added: AccessoryDetail
2025-05-12 09:46:09 INFO  factory.FactoryMonitor - Detail added: BodyDetail
2025-05-12 09:46:09 INFO  factory.FactoryMonitor - Detail added: BodyDetail
2025-05-12 09:46:09 INFO  factory.FactoryMonitor - Detail added: Car
2025-05-12 09:46:09 INFO  factory.FactoryMonitor - Detail added: Car
2025-05-12 09:46:09 INFO  factory.FactoryMonitor - Detail added: MotorDetail
2025-05-12 09:46:09 INFO  factory.FactoryMonitor - Detail added: MotorDetail
2025-05-12 09:46:09 INFO  factory.FactoryMonitor - Car removed from storage
2025-05-12 09:46:09 INFO  factory.FactoryMonitor - Car removed from storage
2025-05-12 09:46:10 INFO  factory.FactoryMonitor - Detail added: AccessoryDetail
2025-05-12 09:46:10 INFO  factory.FactoryMonitor - Detail added: AccessoryDetail
2025-05-12 09:46:10 INFO  factory.FactoryMonitor - Detail added: AccessoryDetail
2025-05-12 09:46:10 INFO  factory.FactoryMonitor - Car removed from storage
2025-05-12 09:46:10 INFO  factory.FactoryMonitor - Detail added: MotorDetail
2025-05-12 09:46:10 INFO  factory.FactoryMonitor - Detail added: MotorDetail
2025-05-12 09:46:10 INFO  factory.FactoryMonitor - Detail added: BodyDetail
2025-05-12 09:46:10 INFO  factory.FactoryMonitor - Detail added: Car
2025-05-12 09:46:10 INFO  factory.FactoryMonitor - Detail added: BodyDetail
2025-05-12 09:46:10 INFO  factory.FactoryMonitor - Detail added: Car
2025-05-12 09:46:11 INFO  factory.FactoryMonitor - Detail added: AccessoryDetail
2025-05-12 09:46:11 INFO  factory.FactoryMonitor - Detail added: AccessoryDetail
2025-05-12 09:46:11 INFO  factory.FactoryMonitor - Detail added: AccessoryDetail
2025-05-12 09:46:12 INFO  factory.FactoryMonitor - Detail added: MotorDetail
2025-05-12 09:46:12 INFO  factory.FactoryMonitor - Detail added: MotorDetail
2025-05-12 09:46:12 INFO  factory.FactoryMonitor - Detail added: BodyDetail
2025-05-12 09:46:12 INFO  factory.FactoryMonitor - Detail added: Car
2025-05-12 09:46:12 INFO  factory.FactoryMonitor - Detail added: BodyDetail
2025-05-12 09:46:12 INFO  factory.FactoryMonitor - Detail added: Car
2025-05-12 09:46:12 INFO  factory.FactoryMonitor - Detail added: AccessoryDetail
2025-05-12 09:46:12 INFO  factory.FactoryMonitor - Detail added: AccessoryDetail
2025-05-12 09:46:12 INFO  factory.FactoryMonitor - Detail added: AccessoryDetail
2025-05-12 09:46:13 INFO  factory.FactoryMonitor - Detail added: MotorDetail
2025-05-12 09:46:13 INFO  factory.FactoryMonitor - Detail added: MotorDetail
2025-05-12 09:46:13 INFO  factory.FactoryMonitor - Detail added: BodyDetail
2025-05-12 09:46:13 INFO  factory.FactoryMonitor - Detail added: Car
2025-05-12 09:46:13 INFO  factory.FactoryMonitor - Detail added: BodyDetail
2025-05-12 09:46:13 INFO  factory.FactoryMonitor - Detail added: Car
2025-05-12 09:46:13 INFO  factory.FactoryMonitor - Detail added: AccessoryDetail
2025-05-12 09:46:13 INFO  factory.FactoryMonitor - Detail added: AccessoryDetail
2025-05-12 09:46:13 INFO  factory.FactoryMonitor - Detail added: AccessoryDetail
2025-05-12 09:46:14 INFO  factory.FactoryMonitor - Detail added: MotorDetail
2025-05-12 09:46:14 INFO  factory.FactoryMonitor - Detail added: MotorDetail
2025-05-12 09:46:14 INFO  factory.FactoryMonitor - Detail added: BodyDetail
2025-05-12 09:46:14 INFO  factory.FactoryMonitor - Detail added: Car
2025-05-12 09:46:14 INFO  factory.FactoryMonitor - Detail added: BodyDetail
2025-05-12 09:46:14 INFO  factory.FactoryMonitor - Detail added: Car
2025-05-12 09:46:15 INFO  factory.FactoryMonitor - Detail added: AccessoryDetail
2025-05-12 09:46:15 INFO  factory.FactoryMonitor - Detail added: AccessoryDetail
2025-05-12 09:46:15 INFO  factory.FactoryMonitor - Detail added: AccessoryDetail
2025-05-12 09:46:15 INFO  factory.FactoryMonitor - Detail added: MotorDetail
2025-05-12 09:46:15 INFO  factory.FactoryMonitor - Detail added: MotorDetail
2025-05-12 09:46:16 INFO  factory.FactoryMonitor - Detail added: BodyDetail
2025-05-12 09:46:16 INFO  factory.FactoryMonitor - Detail added: Car
2025-05-12 09:46:16 INFO  factory.FactoryMonitor - Detail added: BodyDetail
2025-05-12 09:46:16 INFO  factory.FactoryMonitor - Detail added: Car
2025-05-12 09:46:16 INFO  factory.FactoryMonitor - Detail added: AccessoryDetail
2025-05-12 09:46:16 INFO  factory.FactoryMonitor - Detail added: AccessoryDetail
2025-05-12 09:46:16 INFO  factory.FactoryMonitor - Detail added: AccessoryDetail
2025-05-12 09:46:16 INFO  factory.FactoryMonitor - Car removed from storage
2025-05-12 09:46:16 INFO  factory.FactoryMonitor - Car removed from storage
2025-05-12 09:46:16 INFO  factory.FactoryMonitor - Detail added: MotorDetail
2025-05-12 09:46:16 INFO  factory.FactoryMonitor - Detail added: MotorDetail
2025-05-12 09:46:17 INFO  factory.FactoryMonitor - Detail added: BodyDetail
2025-05-12 09:46:17 INFO  factory.FactoryMonitor - Detail added: Car
2025-05-12 09:46:17 INFO  factory.FactoryMonitor - Detail added: BodyDetail
2025-05-12 09:46:17 INFO  factory.FactoryMonitor - Detail added: Car
2025-05-12 09:46:17 INFO  factory.FactoryMonitor - Detail added: AccessoryDetail
2025-05-12 09:46:17 INFO  factory.FactoryMonitor - Detail added: AccessoryDetail
2025-05-12 09:46:17 INFO  factory.FactoryMonitor - Detail added: AccessoryDetail
2025-05-12 09:46:18 INFO  factory.FactoryMonitor - Detail added: MotorDetail
2025-05-12 09:46:18 INFO  factory.FactoryMonitor - Detail added: MotorDetail
2025-05-12 09:46:18 INFO  factory.FactoryMonitor - Detail added: BodyDetail
2025-05-12 09:46:18 INFO  factory.FactoryMonitor - Detail added: BodyDetail
2025-05-12 09:46:18 INFO  factory.FactoryMonitor - Detail added: Car
2025-05-12 09:46:18 INFO  factory.FactoryMonitor - Detail added: Car
2025-05-12 09:46:18 INFO  factory.FactoryMonitor - Detail added: AccessoryDetail
2025-05-12 09:46:18 INFO  factory.FactoryMonitor - Detail added: AccessoryDetail
2025-05-12 09:46:18 INFO  factory.FactoryMonitor - Detail added: AccessoryDetail
2025-05-12 09:46:19 INFO  factory.FactoryMonitor - Detail added: MotorDetail
2025-05-12 09:46:19 INFO  factory.FactoryMonitor - Detail added: MotorDetail
2025-05-12 09:46:19 INFO  factory.FactoryMonitor - Car removed from storage
2025-05-12 09:46:19 INFO  factory.FactoryMonitor - Car removed from storage
2025-05-12 09:46:19 INFO  factory.FactoryMonitor - Detail added: BodyDetail
2025-05-12 09:46:19 INFO  factory.FactoryMonitor - Detail added: BodyDetail
2025-05-12 09:46:19 INFO  factory.FactoryMonitor - Detail added: Car
2025-05-12 09:46:19 INFO  factory.FactoryMonitor - Detail added: Car
2025-05-12 09:46:20 INFO  factory.FactoryMonitor - Detail added: AccessoryDetail
2025-05-12 09:46:20 INFO  factory.FactoryMonitor - Detail added: AccessoryDetail
2025-05-12 09:46:20 INFO  factory.FactoryMonitor - Detail added: AccessoryDetail
2025-05-12 09:46:20 INFO  factory.FactoryMonitor - Detail added: MotorDetail
2025-05-12 09:46:20 INFO  factory.FactoryMonitor - Detail added: MotorDetail
2025-05-12 09:46:20 INFO  factory.FactoryMonitor - Car removed from storage
2025-05-12 09:46:21 INFO  factory.FactoryMonitor - Detail added: BodyDetail
2025-05-12 09:46:21 INFO  factory.FactoryMonitor - Detail added: Car
2025-05-12 09:46:21 INFO  factory.FactoryMonitor - Detail added: BodyDetail
2025-05-12 09:46:21 INFO  factory.FactoryMonitor - Detail added: Car
2025-05-12 09:46:21 INFO  factory.FactoryMonitor - Detail added: AccessoryDetail
2025-05-12 09:46:21 INFO  factory.FactoryMonitor - Detail added: AccessoryDetail
2025-05-12 09:46:21 INFO  factory.FactoryMonitor - Detail added: AccessoryDetail
2025-05-12 09:46:21 INFO  factory.FactoryMonitor - Detail added: MotorDetail
2025-05-12 09:46:21 INFO  factory.FactoryMonitor - Detail added: MotorDetail
2025-05-12 09:46:22 INFO  factory.FactoryMonitor - Detail added: BodyDetail
2025-05-12 09:46:22 INFO  factory.FactoryMonitor - Detail added: BodyDetail
2025-05-12 09:46:22 INFO  factory.FactoryMonitor - Detail added: Car
2025-05-12 09:46:22 INFO  factory.FactoryMonitor - Detail added: Car
2025-05-12 09:46:22 INFO  factory.FactoryMonitor - Detail added: AccessoryDetail
2025-05-12 09:46:22 INFO  factory.FactoryMonitor - Detail added: AccessoryDetail
2025-05-12 09:46:22 INFO  factory.FactoryMonitor - Detail added: AccessoryDetail
2025-05-12 09:46:23 INFO  factory.FactoryMonitor - Detail added: MotorDetail
2025-05-12 09:46:23 INFO  factory.FactoryMonitor - Detail added: MotorDetail
2025-05-12 09:46:23 INFO  factory.FactoryMonitor - Detail added: BodyDetail
2025-05-12 09:46:23 INFO  factory.FactoryMonitor - Detail added: Car
2025-05-12 09:46:23 INFO  factory.FactoryMonitor - Detail added: BodyDetail
2025-05-12 09:46:23 INFO  factory.FactoryMonitor - Detail added: Car
2025-05-12 09:46:24 INFO  factory.FactoryMonitor - Detail added: AccessoryDetail
2025-05-12 09:46:24 INFO  factory.FactoryMonitor - Detail added: AccessoryDetail
2025-05-12 09:46:24 INFO  factory.FactoryMonitor - Detail added: AccessoryDetail
2025-05-12 09:46:24 INFO  factory.FactoryMonitor - Detail added: MotorDetail
2025-05-12 09:46:24 INFO  factory.FactoryMonitor - Detail added: MotorDetail
2025-05-12 09:46:25 INFO  factory.FactoryMonitor - Detail added: BodyDetail
2025-05-12 09:46:25 INFO  factory.FactoryMonitor - Detail added: Car
2025-05-12 09:46:25 INFO  factory.FactoryMonitor - Detail added: BodyDetail
2025-05-12 09:46:25 INFO  factory.FactoryMonitor - Detail added: Car
2025-05-12 09:46:25 INFO  factory.FactoryMonitor - Detail added: AccessoryDetail
2025-05-12 09:46:25 INFO  factory.FactoryMonitor - Detail added: AccessoryDetail
2025-05-12 09:46:25 INFO  factory.FactoryMonitor - Detail added: AccessoryDetail
2025-05-12 09:46:25 INFO  factory.FactoryMonitor - Detail added: MotorDetail
2025-05-12 09:46:25 INFO  factory.FactoryMonitor - Detail added: MotorDetail
2025-05-12 09:46:26 INFO  factory.FactoryMonitor - Detail added: BodyDetail
2025-05-12 09:46:26 INFO  factory.FactoryMonitor - Detail added: Car
2025-05-12 09:46:26 INFO  factory.FactoryMonitor - Detail added: BodyDetail
2025-05-12 09:46:26 INFO  factory.FactoryMonitor - Detail added: Car
2025-05-12 09:46:26 INFO  factory.FactoryMonitor - Detail added: AccessoryDetail
2025-05-12 09:46:26 INFO  factory.FactoryMonitor - Detail added: AccessoryDetail
2025-05-12 09:46:26 INFO  factory.FactoryMonitor - Detail added: AccessoryDetail
2025-05-12 09:46:26 INFO  factory.FactoryMonitor - Detail added: MotorDetail
2025-05-12 09:46:26 INFO  factory.FactoryMonitor - Detail added: MotorDetail
2025-05-12 09:46:26 INFO  factory.FactoryMonitor - Car removed from storage
2025-05-12 09:46:26 INFO  factory.FactoryMonitor - Car removed from storage
2025-05-12 09:46:27 INFO  factory.FactoryMonitor - Detail added: BodyDetail
2025-05-12 09:46:27 INFO  factory.FactoryMonitor - Detail added: Car
2025-05-12 09:46:27 INFO  factory.FactoryMonitor - Detail added: BodyDetail
2025-05-12 09:46:27 INFO  factory.FactoryMonitor - Detail added: Car
2025-05-12 09:46:27 INFO  factory.FactoryMonitor - Detail added: AccessoryDetail
2025-05-12 09:46:27 INFO  factory.FactoryMonitor - Detail added: AccessoryDetail
2025-05-12 09:46:27 INFO  factory.FactoryMonitor - Detail added: AccessoryDetail
2025-05-12 09:46:27 INFO  factory.FactoryMonitor - Detail added: MotorDetail
2025-05-12 09:46:27 INFO  factory.FactoryMonitor - Detail added: MotorDetail
2025-05-12 09:46:29 INFO  factory.FactoryMonitor - Detail added: BodyDetail
2025-05-12 09:46:29 INFO  factory.FactoryMonitor - Detail added: BodyDetail
2025-05-12 09:46:29 INFO  factory.FactoryMonitor - Detail added: Car
2025-05-12 09:46:29 INFO  factory.FactoryMonitor - Detail added: Car
2025-05-12 09:46:29 INFO  factory.FactoryMonitor - Detail added: AccessoryDetail
2025-05-12 09:46:29 INFO  factory.FactoryMonitor - Detail added: AccessoryDetail
2025-05-12 09:46:29 INFO  factory.FactoryMonitor - Detail added: AccessoryDetail
2025-05-12 09:46:29 INFO  factory.FactoryMonitor - Detail added: MotorDetail
2025-05-12 09:46:29 INFO  factory.FactoryMonitor - Detail added: MotorDetail
2025-05-12 09:46:29 INFO  factory.FactoryMonitor - Car removed from storage
2025-05-12 09:46:29 INFO  factory.FactoryMonitor - Car removed from storage
2025-05-12 09:46:30 INFO  factory.FactoryMonitor - Detail added: MotorDetail
2025-05-12 09:46:30 INFO  factory.FactoryMonitor - Detail added: MotorDetail
2025-05-12 09:46:30 INFO  factory.FactoryMonitor - Detail added: BodyDetail
2025-05-12 09:46:30 INFO  factory.FactoryMonitor - Detail added: Car
2025-05-12 09:46:30 INFO  factory.FactoryMonitor - Detail added: BodyDetail
2025-05-12 09:46:30 INFO  factory.FactoryMonitor - Detail added: Car
2025-05-12 09:46:30 INFO  factory.FactoryMonitor - Detail added: AccessoryDetail
2025-05-12 09:46:30 INFO  factory.FactoryMonitor - Detail added: AccessoryDetail
2025-05-12 09:46:30 INFO  factory.FactoryMonitor - Detail added: AccessoryDetail
2025-05-12 09:46:30 INFO  factory.FactoryMonitor - Car removed from storage
2025-05-12 09:46:31 INFO  factory.FactoryMonitor - Detail added: MotorDetail
2025-05-12 09:46:31 INFO  factory.FactoryMonitor - Detail added: MotorDetail
2025-05-12 09:46:31 INFO  factory.FactoryMonitor - Detail added: AccessoryDetail
2025-05-12 09:46:31 INFO  factory.FactoryMonitor - Detail added: AccessoryDetail
2025-05-12 09:46:31 INFO  factory.FactoryMonitor - Detail added: BodyDetail
2025-05-12 09:46:31 INFO  factory.FactoryMonitor - Detail added: Car
2025-05-12 09:46:31 INFO  factory.FactoryMonitor - Detail added: BodyDetail
2025-05-12 09:46:31 INFO  factory.FactoryMonitor - Detail added: AccessoryDetail
2025-05-12 09:46:31 INFO  factory.FactoryMonitor - Detail added: Car
2025-05-12 09:46:32 INFO  factory.FactoryMonitor - Detail added: MotorDetail
2025-05-12 09:46:32 INFO  factory.FactoryMonitor - Detail added: MotorDetail
2025-05-12 09:46:32 INFO  factory.FactoryMonitor - Detail added: AccessoryDetail
2025-05-12 09:46:32 INFO  factory.FactoryMonitor - Detail added: AccessoryDetail
2025-05-12 09:46:32 INFO  factory.FactoryMonitor - Detail added: AccessoryDetail
2025-05-12 09:46:32 INFO  factory.FactoryMonitor - Detail added: BodyDetail
2025-05-12 09:46:32 INFO  factory.FactoryMonitor - Detail added: Car
2025-05-12 09:46:32 INFO  factory.FactoryMonitor - Detail added: BodyDetail
2025-05-12 09:46:32 INFO  factory.FactoryMonitor - Detail added: Car
2025-05-12 09:46:33 INFO  factory.FactoryMonitor - Detail added: MotorDetail
2025-05-12 09:46:33 INFO  factory.FactoryMonitor - Detail added: MotorDetail
2025-05-12 09:46:34 INFO  factory.FactoryMonitor - Detail added: AccessoryDetail
2025-05-12 09:46:34 INFO  factory.FactoryMonitor - Detail added: AccessoryDetail
2025-05-12 09:46:34 INFO  factory.FactoryMonitor - Detail added: AccessoryDetail
2025-05-12 09:46:34 INFO  factory.FactoryMonitor - Detail added: BodyDetail
2025-05-12 09:46:34 INFO  factory.FactoryMonitor - Detail added: BodyDetail
2025-05-12 09:46:34 INFO  factory.FactoryMonitor - Detail added: Car
2025-05-12 09:46:34 INFO  factory.FactoryMonitor - Detail added: Car
2025-05-12 09:46:35 INFO  factory.FactoryMonitor - Detail added: MotorDetail
2025-05-12 09:46:35 INFO  factory.FactoryMonitor - Detail added: MotorDetail
2025-05-12 09:46:35 INFO  factory.FactoryMonitor - Detail added: AccessoryDetail
2025-05-12 09:46:35 INFO  factory.FactoryMonitor - Detail added: AccessoryDetail
2025-05-12 09:46:35 INFO  factory.FactoryMonitor - Detail added: AccessoryDetail
2025-05-12 09:46:35 INFO  factory.FactoryMonitor - Detail added: BodyDetail
2025-05-12 09:46:35 INFO  factory.FactoryMonitor - Detail added: Car
2025-05-12 09:46:35 INFO  factory.FactoryMonitor - Detail added: BodyDetail
2025-05-12 09:46:35 INFO  factory.FactoryMonitor - Detail added: Car
2025-05-12 09:46:36 INFO  factory.FactoryMonitor - Detail added: MotorDetail
2025-05-12 09:46:36 INFO  factory.FactoryMonitor - Detail added: MotorDetail
2025-05-12 09:46:36 INFO  factory.FactoryMonitor - Detail added: AccessoryDetail
2025-05-12 09:46:36 INFO  factory.FactoryMonitor - Detail added: AccessoryDetail
2025-05-12 09:46:36 INFO  factory.FactoryMonitor - Detail added: AccessoryDetail
2025-05-12 09:46:36 INFO  factory.FactoryMonitor - Detail added: BodyDetail
2025-05-12 09:46:36 INFO  factory.FactoryMonitor - Detail added: BodyDetail
2025-05-12 09:46:36 INFO  factory.FactoryMonitor - Detail added: Car
2025-05-12 09:46:36 INFO  factory.FactoryMonitor - Detail added: Car
2025-05-12 09:46:36 INFO  factory.FactoryMonitor - Car removed from storage
2025-05-12 09:46:36 INFO  factory.FactoryMonitor - Car removed from storage
2025-05-12 09:46:37 INFO  factory.FactoryMonitor - Detail added: MotorDetail
2025-05-12 09:46:37 INFO  factory.FactoryMonitor - Detail added: MotorDetail
2025-05-12 09:46:37 INFO  factory.FactoryMonitor - Detail added: AccessoryDetail
2025-05-12 09:46:37 INFO  factory.FactoryMonitor - Detail added: AccessoryDetail
2025-05-12 09:46:37 INFO  factory.FactoryMonitor - Detail added: AccessoryDetail
2025-05-12 09:46:38 INFO  factory.FactoryMonitor - Detail added: BodyDetail
2025-05-12 09:46:38 INFO  factory.FactoryMonitor - Detail added: BodyDetail
2025-05-12 09:46:38 INFO  factory.FactoryMonitor - Detail added: Car
2025-05-12 09:46:38 INFO  factory.FactoryMonitor - Detail added: Car
2025-05-12 09:46:38 INFO  factory.FactoryMonitor - Detail added: MotorDetail
2025-05-12 09:46:38 INFO  factory.FactoryMonitor - Detail added: MotorDetail
2025-05-12 09:46:39 INFO  factory.FactoryMonitor - Detail added: AccessoryDetail
2025-05-12 09:46:39 INFO  factory.FactoryMonitor - Detail added: AccessoryDetail
2025-05-12 09:46:39 INFO  factory.FactoryMonitor - Detail added: AccessoryDetail
2025-05-12 09:46:39 INFO  factory.FactoryMonitor - Detail added: BodyDetail
2025-05-12 09:46:39 INFO  factory.FactoryMonitor - Detail added: BodyDetail
2025-05-12 09:46:39 INFO  factory.FactoryMonitor - Detail added: Car
2025-05-12 09:46:39 INFO  factory.FactoryMonitor - Detail added: Car
2025-05-12 09:46:39 INFO  factory.FactoryMonitor - Car removed from storage
2025-05-12 09:46:39 INFO  factory.FactoryMonitor - Car removed from storage
2025-05-12 09:46:39 INFO  factory.FactoryMonitor - Detail added: MotorDetail
2025-05-12 09:46:39 INFO  factory.FactoryMonitor - Detail added: MotorDetail
2025-05-12 09:46:40 INFO  factory.FactoryMonitor - Detail added: AccessoryDetail
2025-05-12 09:46:40 INFO  factory.FactoryMonitor - Detail added: AccessoryDetail
2025-05-12 09:46:40 INFO  factory.FactoryMonitor - Detail added: AccessoryDetail
2025-05-12 09:46:40 INFO  factory.FactoryMonitor - Detail added: BodyDetail
2025-05-12 09:46:40 INFO  factory.FactoryMonitor - Detail added: BodyDetail
2025-05-12 09:46:40 INFO  factory.FactoryMonitor - Detail added: Car
2025-05-12 09:46:40 INFO  factory.FactoryMonitor - Detail added: Car
2025-05-12 09:46:40 INFO  factory.FactoryMonitor - Car removed from storage
2025-05-12 09:46:41 INFO  factory.FactoryMonitor - Detail added: MotorDetail
2025-05-12 09:46:41 INFO  factory.FactoryMonitor - Detail added: MotorDetail
2025-05-12 09:46:41 INFO  factory.FactoryMonitor - Detail added: AccessoryDetail
2025-05-12 09:46:41 INFO  factory.FactoryMonitor - Detail added: AccessoryDetail
2025-05-12 09:46:41 INFO  factory.FactoryMonitor - Detail added: AccessoryDetail
2025-05-12 09:46:41 INFO  factory.FactoryMonitor - Detail added: BodyDetail
2025-05-12 09:46:41 INFO  factory.FactoryMonitor - Detail added: Car
2025-05-12 09:46:41 INFO  factory.FactoryMonitor - Detail added: BodyDetail
2025-05-12 09:46:41 INFO  factory.FactoryMonitor - Detail added: Car
2025-05-12 09:46:42 INFO  factory.FactoryMonitor - Detail added: MotorDetail
2025-05-12 09:46:42 INFO  factory.FactoryMonitor - Detail added: MotorDetail
2025-05-12 09:46:42 INFO  factory.FactoryMonitor - Detail added: AccessoryDetail
2025-05-12 09:46:42 INFO  factory.FactoryMonitor - Detail added: AccessoryDetail
2025-05-12 09:46:42 INFO  factory.FactoryMonitor - Detail added: AccessoryDetail
2025-05-12 09:46:43 INFO  factory.FactoryMonitor - Detail added: BodyDetail
2025-05-12 09:46:43 INFO  factory.FactoryMonitor - Detail added: BodyDetail
2025-05-12 09:46:43 INFO  factory.FactoryMonitor - Detail added: Car
2025-05-12 09:46:43 INFO  factory.FactoryMonitor - Detail added: Car
2025-05-12 09:46:43 INFO  factory.FactoryMonitor - Detail added: MotorDetail
2025-05-12 09:46:43 INFO  factory.FactoryMonitor - Detail added: MotorDetail
2025-05-12 09:46:44 INFO  factory.FactoryMonitor - Detail added: AccessoryDetail
2025-05-12 09:46:44 INFO  factory.FactoryMonitor - Detail added: AccessoryDetail
2025-05-12 09:46:44 INFO  factory.FactoryMonitor - Detail added: AccessoryDetail
2025-05-12 09:46:44 INFO  factory.FactoryMonitor - Detail added: BodyDetail
2025-05-12 09:46:44 INFO  factory.FactoryMonitor - Detail added: Car
2025-05-12 09:46:44 INFO  factory.FactoryMonitor - Detail added: BodyDetail
2025-05-12 09:46:44 INFO  factory.FactoryMonitor - Detail added: Car
2025-05-12 09:46:44 INFO  factory.FactoryMonitor - Detail added: MotorDetail
2025-05-12 09:46:44 INFO  factory.FactoryMonitor - Detail added: MotorDetail
2025-05-12 09:46:45 INFO  factory.FactoryMonitor - Detail added: AccessoryDetail
2025-05-12 09:46:45 INFO  factory.FactoryMonitor - Detail added: AccessoryDetail
2025-05-12 09:46:45 INFO  factory.FactoryMonitor - Detail added: AccessoryDetail
2025-05-12 09:46:45 INFO  factory.FactoryMonitor - Detail added: BodyDetail
2025-05-12 09:46:45 INFO  factory.FactoryMonitor - Detail added: BodyDetail
2025-05-12 09:46:45 INFO  factory.FactoryMonitor - Detail added: Car
2025-05-12 09:46:45 INFO  factory.FactoryMonitor - Detail added: Car
2025-05-12 09:46:45 INFO  factory.FactoryMonitor - Detail added: MotorDetail
2025-05-12 09:46:45 INFO  factory.FactoryMonitor - Detail added: MotorDetail
2025-05-12 09:46:46 INFO  factory.FactoryMonitor - Detail added: AccessoryDetail
2025-05-12 09:46:46 INFO  factory.FactoryMonitor - Detail added: AccessoryDetail
2025-05-12 09:46:46 INFO  factory.FactoryMonitor - Detail added: AccessoryDetail
2025-05-12 09:46:46 INFO  factory.FactoryMonitor - Car removed from storage
2025-05-12 09:46:46 INFO  factory.FactoryMonitor - Car removed from storage
2025-05-12 09:46:47 INFO  factory.FactoryMonitor - Detail added: BodyDetail
2025-05-12 09:46:47 INFO  factory.FactoryMonitor - Detail added: BodyDetail
2025-05-12 09:46:47 INFO  factory.FactoryMonitor - Detail added: Car
2025-05-12 09:46:47 INFO  factory.FactoryMonitor - Detail added: Car
2025-05-12 09:46:47 INFO  factory.FactoryMonitor - Detail added: MotorDetail
2025-05-12 09:46:47 INFO  factory.FactoryMonitor - Detail added: MotorDetail
2025-05-12 09:46:47 INFO  factory.FactoryMonitor - Detail added: AccessoryDetail
2025-05-12 09:46:47 INFO  factory.FactoryMonitor - Detail added: AccessoryDetail
2025-05-12 09:46:47 INFO  factory.FactoryMonitor - Detail added: AccessoryDetail
2025-05-12 09:46:48 INFO  factory.FactoryMonitor - Detail added: BodyDetail
2025-05-12 09:46:48 INFO  factory.FactoryMonitor - Detail added: BodyDetail
2025-05-12 09:46:48 INFO  factory.FactoryMonitor - Detail added: Car
2025-05-12 09:46:48 INFO  factory.FactoryMonitor - Detail added: Car
2025-05-12 09:46:48 INFO  factory.FactoryMonitor - Detail added: MotorDetail
2025-05-12 09:46:48 INFO  factory.FactoryMonitor - Detail added: MotorDetail
2025-05-12 09:46:49 INFO  factory.FactoryMonitor - Detail added: AccessoryDetail
2025-05-12 09:46:49 INFO  factory.FactoryMonitor - Detail added: AccessoryDetail
2025-05-12 09:46:49 INFO  factory.FactoryMonitor - Detail added: AccessoryDetail
2025-05-12 09:46:49 INFO  factory.FactoryMonitor - Detail added: BodyDetail
2025-05-12 09:46:49 INFO  factory.FactoryMonitor - Detail added: BodyDetail
2025-05-12 09:46:49 INFO  factory.FactoryMonitor - Detail added: Car
2025-05-12 09:46:49 INFO  factory.FactoryMonitor - Detail added: Car
2025-05-12 09:46:49 INFO  factory.FactoryMonitor - Detail added: MotorDetail
2025-05-12 09:46:49 INFO  factory.FactoryMonitor - Detail added: MotorDetail
2025-05-12 09:46:49 INFO  factory.FactoryMonitor - Car removed from storage
2025-05-12 09:46:49 INFO  factory.FactoryMonitor - Car removed from storage
2025-05-12 09:46:50 INFO  factory.FactoryMonitor - Detail added: AccessoryDetail
2025-05-12 09:46:50 INFO  factory.FactoryMonitor - Detail added: AccessoryDetail
2025-05-12 09:46:50 INFO  factory.FactoryMonitor - Detail added: AccessoryDetail
2025-05-12 09:46:50 INFO  factory.FactoryMonitor - Car removed from storage
2025-05-12 09:46:50 INFO  factory.FactoryMonitor - Detail added: MotorDetail
2025-05-12 09:46:50 INFO  factory.FactoryMonitor - Detail added: MotorDetail
2025-05-12 09:46:50 INFO  factory.FactoryMonitor - Detail added: BodyDetail
2025-05-12 09:46:50 INFO  factory.FactoryMonitor - Detail added: BodyDetail
2025-05-12 09:46:50 INFO  factory.FactoryMonitor - Detail added: Car
2025-05-12 09:46:50 INFO  factory.FactoryMonitor - Detail added: Car
2025-05-12 09:46:51 INFO  factory.FactoryMonitor - Detail added: AccessoryDetail
2025-05-12 09:46:51 INFO  factory.FactoryMonitor - Detail added: AccessoryDetail
2025-05-12 09:46:51 INFO  factory.FactoryMonitor - Detail added: AccessoryDetail
2025-05-12 09:46:52 INFO  factory.FactoryMonitor - Detail added: MotorDetail
2025-05-12 09:46:52 INFO  factory.FactoryMonitor - Detail added: MotorDetail
2025-05-12 09:46:52 INFO  factory.FactoryMonitor - Detail added: BodyDetail
2025-05-12 09:46:52 INFO  factory.FactoryMonitor - Detail added: Car
2025-05-12 09:46:52 INFO  factory.FactoryMonitor - Detail added: BodyDetail
2025-05-12 09:46:52 INFO  factory.FactoryMonitor - Detail added: Car
2025-05-12 09:46:52 INFO  factory.FactoryMonitor - Detail added: AccessoryDetail
2025-05-12 09:46:52 INFO  factory.FactoryMonitor - Detail added: AccessoryDetail
2025-05-12 09:46:52 INFO  factory.FactoryMonitor - Detail added: AccessoryDetail
2025-05-12 09:46:53 INFO  factory.FactoryMonitor - Detail added: MotorDetail
2025-05-12 09:46:53 INFO  factory.FactoryMonitor - Detail added: MotorDetail
2025-05-12 09:46:53 INFO  factory.FactoryMonitor - Detail added: BodyDetail
2025-05-12 09:46:53 INFO  factory.FactoryMonitor - Detail added: Car
2025-05-12 09:46:53 INFO  factory.FactoryMonitor - Detail added: BodyDetail
2025-05-12 09:46:53 INFO  factory.FactoryMonitor - Detail added: Car
2025-05-12 09:46:54 INFO  factory.FactoryMonitor - Detail added: AccessoryDetail
2025-05-12 09:46:54 INFO  factory.FactoryMonitor - Detail added: AccessoryDetail
2025-05-12 09:46:54 INFO  factory.FactoryMonitor - Detail added: AccessoryDetail
2025-05-12 09:46:54 INFO  factory.FactoryMonitor - Detail added: MotorDetail
2025-05-12 09:46:54 INFO  factory.FactoryMonitor - Detail added: MotorDetail
2025-05-12 09:46:54 INFO  factory.FactoryMonitor - Detail added: BodyDetail
2025-05-12 09:46:54 INFO  factory.FactoryMonitor - Detail added: Car
2025-05-12 09:46:54 INFO  factory.FactoryMonitor - Detail added: BodyDetail
2025-05-12 09:46:54 INFO  factory.FactoryMonitor - Detail added: Car
2025-05-12 09:46:55 INFO  factory.FactoryMonitor - Detail added: AccessoryDetail
2025-05-12 09:46:55 INFO  factory.FactoryMonitor - Detail added: AccessoryDetail
2025-05-12 09:46:55 INFO  factory.FactoryMonitor - Detail added: AccessoryDetail
2025-05-12 09:46:55 INFO  factory.FactoryMonitor - Detail added: MotorDetail
2025-05-12 09:46:55 INFO  factory.FactoryMonitor - Detail added: MotorDetail
2025-05-12 09:46:55 INFO  factory.FactoryMonitor - Detail added: BodyDetail
2025-05-12 09:46:55 INFO  factory.FactoryMonitor - Detail added: BodyDetail
2025-05-12 09:46:55 INFO  factory.FactoryMonitor - Detail added: Car
2025-05-12 09:46:55 INFO  factory.FactoryMonitor - Detail added: Car
2025-05-12 09:46:56 INFO  factory.FactoryMonitor - Detail added: AccessoryDetail
2025-05-12 09:46:56 INFO  factory.FactoryMonitor - Detail added: AccessoryDetail
2025-05-12 09:46:56 INFO  factory.FactoryMonitor - Detail added: AccessoryDetail
2025-05-12 09:46:56 INFO  factory.FactoryMonitor - Car removed from storage
2025-05-12 09:46:56 INFO  factory.FactoryMonitor - Car removed from storage
2025-05-12 09:46:56 INFO  factory.FactoryMonitor - Detail added: MotorDetail
2025-05-12 09:46:56 INFO  factory.FactoryMonitor - Detail added: MotorDetail
2025-05-12 09:46:57 INFO  factory.FactoryMonitor - Detail added: BodyDetail
2025-05-12 09:46:57 INFO  factory.FactoryMonitor - Detail added: BodyDetail
2025-05-12 09:46:57 INFO  factory.FactoryMonitor - Detail added: Car
2025-05-12 09:46:57 INFO  factory.FactoryMonitor - Detail added: Car
2025-05-12 09:46:58 INFO  factory.FactoryMonitor - Detail added: AccessoryDetail
2025-05-12 09:46:58 INFO  factory.FactoryMonitor - Detail added: AccessoryDetail
2025-05-12 09:46:58 INFO  factory.FactoryMonitor - Detail added: AccessoryDetail
2025-05-12 09:46:58 INFO  factory.FactoryMonitor - Detail added: MotorDetail
2025-05-12 09:46:58 INFO  factory.FactoryMonitor - Detail added: MotorDetail
2025-05-12 09:46:58 INFO  factory.FactoryMonitor - Detail added: BodyDetail
2025-05-12 09:46:58 INFO  factory.FactoryMonitor - Detail added: Car
2025-05-12 09:46:58 INFO  factory.FactoryMonitor - Detail added: BodyDetail
2025-05-12 09:46:58 INFO  factory.FactoryMonitor - Detail added: Car
2025-05-12 09:46:59 INFO  factory.FactoryMonitor - Detail added: MotorDetail
2025-05-12 09:46:59 INFO  factory.FactoryMonitor - Detail added: MotorDetail
2025-05-12 09:46:59 INFO  factory.FactoryMonitor - Detail added: AccessoryDetail
2025-05-12 09:46:59 INFO  factory.FactoryMonitor - Detail added: AccessoryDetail
2025-05-12 09:46:59 INFO  factory.FactoryMonitor - Detail added: AccessoryDetail
2025-05-12 09:46:59 INFO  factory.FactoryMonitor - Detail added: BodyDetail
2025-05-12 09:46:59 INFO  factory.FactoryMonitor - Detail added: BodyDetail
2025-05-12 09:46:59 INFO  factory.FactoryMonitor - Detail added: Car
2025-05-12 09:46:59 INFO  factory.FactoryMonitor - Detail added: Car
2025-05-12 09:46:59 INFO  factory.FactoryMonitor - Car removed from storage
2025-05-12 09:46:59 INFO  factory.FactoryMonitor - Car removed from storage
2025-05-12 09:47:00 INFO  factory.FactoryMonitor - Detail added: MotorDetail
2025-05-12 09:47:00 INFO  factory.FactoryMonitor - Detail added: MotorDetail
2025-05-12 09:47:00 INFO  factory.FactoryMonitor - Detail added: AccessoryDetail
2025-05-12 09:47:00 INFO  factory.FactoryMonitor - Detail added: AccessoryDetail
2025-05-12 09:47:00 INFO  factory.FactoryMonitor - Car removed from storage
2025-05-12 09:47:01 INFO  factory.FactoryMonitor - Detail added: BodyDetail
2025-05-12 09:47:01 INFO  factory.FactoryMonitor - Detail added: BodyDetail
2025-05-12 09:47:01 INFO  factory.FactoryMonitor - Detail added: Car
2025-05-12 09:47:01 INFO  factory.FactoryMonitor - Detail added: Car
2025-05-12 09:47:01 INFO  factory.FactoryMonitor - Detail added: AccessoryDetail
2025-05-12 09:47:01 INFO  factory.FactoryMonitor - Detail added: MotorDetail
2025-05-12 09:47:01 INFO  factory.FactoryMonitor - Detail added: MotorDetail
2025-05-12 09:47:01 INFO  factory.FactoryMonitor - Detail added: AccessoryDetail
2025-05-12 09:47:02 INFO  factory.FactoryMonitor - Detail added: BodyDetail
2025-05-12 09:47:02 INFO  factory.FactoryMonitor - Detail added: BodyDetail
2025-05-12 09:47:02 INFO  factory.FactoryMonitor - Detail added: Car
2025-05-12 09:47:02 INFO  factory.FactoryMonitor - Detail added: Car
2025-05-12 09:47:02 INFO  factory.FactoryMonitor - Detail added: AccessoryDetail
2025-05-12 09:47:02 INFO  factory.FactoryMonitor - Detail added: AccessoryDetail
2025-05-12 09:47:02 INFO  factory.FactoryMonitor - Detail added: MotorDetail
2025-05-12 09:47:02 INFO  factory.FactoryMonitor - Detail added: MotorDetail
2025-05-12 09:47:03 INFO  factory.FactoryMonitor - Detail added: BodyDetail
2025-05-12 09:47:03 INFO  factory.FactoryMonitor - Detail added: BodyDetail
2025-05-12 09:47:03 INFO  factory.FactoryMonitor - Detail added: Car
2025-05-12 09:47:03 INFO  factory.FactoryMonitor - Detail added: Car
2025-05-12 09:47:03 INFO  factory.FactoryMonitor - Detail added: AccessoryDetail
2025-05-12 09:47:03 INFO  factory.FactoryMonitor - Detail added: AccessoryDetail
2025-05-12 09:47:04 INFO  factory.FactoryMonitor - Detail added: MotorDetail
2025-05-12 09:47:04 INFO  factory.FactoryMonitor - Detail added: MotorDetail
2025-05-12 09:47:04 INFO  factory.FactoryMonitor - Detail added: BodyDetail
2025-05-12 09:47:04 INFO  factory.FactoryMonitor - Detail added: BodyDetail
2025-05-12 09:47:04 INFO  factory.FactoryMonitor - Detail added: Car
2025-05-12 09:47:04 INFO  factory.FactoryMonitor - Detail added: Car
2025-05-12 09:47:04 INFO  factory.FactoryMonitor - Detail added: AccessoryDetail
2025-05-12 09:47:04 INFO  factory.FactoryMonitor - Detail added: AccessoryDetail
2025-05-12 09:47:05 INFO  factory.FactoryMonitor - Detail added: MotorDetail
2025-05-12 09:47:05 INFO  factory.FactoryMonitor - Detail added: MotorDetail
2025-05-12 09:47:06 INFO  factory.FactoryMonitor - Detail added: BodyDetail
2025-05-12 09:47:06 INFO  factory.FactoryMonitor - Detail added: Car
2025-05-12 09:47:06 INFO  factory.FactoryMonitor - Detail added: BodyDetail
2025-05-12 09:47:06 INFO  factory.FactoryMonitor - Detail added: AccessoryDetail
2025-05-12 09:47:06 INFO  factory.FactoryMonitor - Detail added: Car
2025-05-12 09:47:06 INFO  factory.FactoryMonitor - Detail added: AccessoryDetail
2025-05-12 09:47:06 INFO  factory.FactoryMonitor - Detail added: MotorDetail
2025-05-12 09:47:06 INFO  factory.FactoryMonitor - Detail added: MotorDetail
2025-05-12 09:47:06 INFO  factory.FactoryMonitor - Car removed from storage
2025-05-12 09:47:06 INFO  factory.FactoryMonitor - Car removed from storage
2025-05-12 09:47:07 INFO  factory.FactoryMonitor - Detail added: BodyDetail
2025-05-12 09:47:07 INFO  factory.FactoryMonitor - Detail added: BodyDetail
2025-05-12 09:47:07 INFO  factory.FactoryMonitor - Detail added: Car
2025-05-12 09:47:07 INFO  factory.FactoryMonitor - Detail added: Car
2025-05-12 09:47:07 INFO  factory.FactoryMonitor - Detail added: AccessoryDetail
2025-05-12 09:47:07 INFO  factory.FactoryMonitor - Detail added: AccessoryDetail
2025-05-12 09:47:07 INFO  factory.FactoryMonitor - Detail added: MotorDetail
2025-05-12 09:47:07 INFO  factory.FactoryMonitor - Detail added: MotorDetail
2025-05-12 09:47:08 INFO  factory.FactoryMonitor - Detail added: BodyDetail
2025-05-12 09:47:08 INFO  factory.FactoryMonitor - Detail added: BodyDetail
2025-05-12 09:47:08 INFO  factory.FactoryMonitor - Detail added: Car
2025-05-12 09:47:08 INFO  factory.FactoryMonitor - Detail added: Car
2025-05-12 09:47:08 INFO  factory.FactoryMonitor - Detail added: AccessoryDetail
2025-05-12 09:47:08 INFO  factory.FactoryMonitor - Detail added: AccessoryDetail
2025-05-12 09:47:08 INFO  factory.FactoryMonitor - Detail added: MotorDetail
2025-05-12 09:47:08 INFO  factory.FactoryMonitor - Detail added: MotorDetail
2025-05-12 09:47:09 INFO  factory.FactoryMonitor - Detail added: BodyDetail
2025-05-12 09:47:09 INFO  factory.FactoryMonitor - Detail added: BodyDetail
2025-05-12 09:47:09 INFO  factory.FactoryMonitor - Detail added: AccessoryDetail
2025-05-12 09:47:09 INFO  factory.FactoryMonitor - Detail added: Car
2025-05-12 09:47:09 INFO  factory.FactoryMonitor - Detail added: Car
2025-05-12 09:47:09 INFO  factory.FactoryMonitor - Detail added: AccessoryDetail
2025-05-12 09:47:09 INFO  factory.FactoryMonitor - Car removed from storage
2025-05-12 09:47:09 INFO  factory.FactoryMonitor - Car removed from storage
2025-05-12 09:47:10 INFO  factory.FactoryMonitor - Detail added: BodyDetail
2025-05-12 09:47:10 INFO  factory.FactoryMonitor - Detail added: BodyDetail
2025-05-12 09:47:10 INFO  factory.FactoryMonitor - Detail added: Car
2025-05-12 09:47:10 INFO  factory.FactoryMonitor - Detail added: Car
2025-05-12 09:47:10 INFO  factory.FactoryMonitor - Detail added: AccessoryDetail
2025-05-12 09:47:10 INFO  factory.FactoryMonitor - Detail added: MotorDetail
2025-05-12 09:47:10 INFO  factory.FactoryMonitor - Detail added: MotorDetail
2025-05-12 09:47:10 INFO  factory.FactoryMonitor - Detail added: AccessoryDetail
2025-05-12 09:47:10 INFO  factory.FactoryMonitor - Car removed from storage
2025-05-12 09:47:11 INFO  factory.FactoryMonitor - Detail added: BodyDetail
2025-05-12 09:47:11 INFO  factory.FactoryMonitor - Detail added: BodyDetail
2025-05-12 09:47:11 INFO  factory.FactoryMonitor - Detail added: Car
2025-05-12 09:47:11 INFO  factory.FactoryMonitor - Detail added: Car
2025-05-12 09:47:11 INFO  factory.FactoryMonitor - Detail added: AccessoryDetail
2025-05-12 09:47:11 INFO  factory.FactoryMonitor - Detail added: MotorDetail
2025-05-12 09:47:11 INFO  factory.FactoryMonitor - Detail added: MotorDetail
2025-05-12 09:47:11 INFO  factory.FactoryMonitor - Detail added: AccessoryDetail
2025-05-12 09:47:12 INFO  factory.FactoryMonitor - Detail added: BodyDetail
2025-05-12 09:47:12 INFO  factory.FactoryMonitor - Detail added: BodyDetail
2025-05-12 09:47:12 INFO  factory.FactoryMonitor - Detail added: Car
2025-05-12 09:47:12 INFO  factory.FactoryMonitor - Detail added: Car
2025-05-12 09:47:12 INFO  factory.FactoryMonitor - Detail added: AccessoryDetail
2025-05-12 09:47:12 INFO  factory.FactoryMonitor - Detail added: AccessoryDetail
2025-05-12 09:47:12 INFO  factory.FactoryMonitor - Detail added: MotorDetail
2025-05-12 09:47:12 INFO  factory.FactoryMonitor - Detail added: MotorDetail
2025-05-12 09:47:13 INFO  factory.FactoryMonitor - Detail added: BodyDetail
2025-05-12 09:47:13 INFO  factory.FactoryMonitor - Detail added: BodyDetail
2025-05-12 09:47:13 INFO  factory.FactoryMonitor - Detail added: Car
2025-05-12 09:47:13 INFO  factory.FactoryMonitor - Detail added: Car
2025-05-12 09:47:13 INFO  factory.FactoryMonitor - Detail added: AccessoryDetail
2025-05-12 09:47:13 INFO  factory.FactoryMonitor - Detail added: AccessoryDetail
2025-05-12 09:47:13 INFO  factory.FactoryMonitor - Detail added: MotorDetail
2025-05-12 09:47:13 INFO  factory.FactoryMonitor - Detail added: MotorDetail
2025-05-12 09:47:14 INFO  factory.FactoryMonitor - Detail added: BodyDetail
2025-05-12 09:47:14 INFO  factory.FactoryMonitor - Detail added: BodyDetail
2025-05-12 09:47:14 INFO  factory.FactoryMonitor - Detail added: Car
2025-05-12 09:47:14 INFO  factory.FactoryMonitor - Detail added: Car
2025-05-12 09:47:14 INFO  factory.FactoryMonitor - Detail added: AccessoryDetail
2025-05-12 09:47:14 INFO  factory.FactoryMonitor - Detail added: AccessoryDetail
2025-05-12 09:47:14 INFO  factory.FactoryMonitor - Detail added: MotorDetail
2025-05-12 09:47:14 INFO  factory.FactoryMonitor - Detail added: MotorDetail
2025-05-12 09:47:15 INFO  factory.FactoryMonitor - Detail added: BodyDetail
2025-05-12 09:47:15 INFO  factory.FactoryMonitor - Detail added: BodyDetail
2025-05-12 09:47:15 INFO  factory.FactoryMonitor - Detail added: Car
2025-05-12 09:47:15 INFO  factory.FactoryMonitor - Detail added: Car
2025-05-12 09:47:15 INFO  factory.FactoryMonitor - Detail added: AccessoryDetail
2025-05-12 09:47:15 INFO  factory.FactoryMonitor - Detail added: AccessoryDetail
2025-05-12 09:47:16 INFO  factory.FactoryMonitor - Detail added: BodyDetail
2025-05-12 09:47:16 INFO  factory.FactoryMonitor - Detail added: Car
2025-05-12 09:47:16 INFO  factory.FactoryMonitor - Detail added: BodyDetail
2025-05-12 09:47:16 INFO  factory.FactoryMonitor - Detail added: AccessoryDetail
2025-05-12 09:47:16 INFO  factory.FactoryMonitor - Detail added: Car
2025-05-12 09:47:16 INFO  factory.FactoryMonitor - Detail added: MotorDetail
2025-05-12 09:47:16 INFO  factory.FactoryMonitor - Detail added: MotorDetail
2025-05-12 09:47:16 INFO  factory.FactoryMonitor - Detail added: BodyDetail
2025-05-12 09:47:16 INFO  factory.FactoryMonitor - Detail added: Car
2025-05-12 09:47:16 INFO  factory.FactoryMonitor - Detail added: BodyDetail
2025-05-12 09:47:16 INFO  factory.FactoryMonitor - Detail added: Car
2025-05-12 09:47:16 INFO  factory.FactoryMonitor - Detail added: BodyDetail
2025-05-12 09:47:16 INFO  factory.FactoryMonitor - Detail added: BodyDetail
2025-05-12 09:47:16 INFO  factory.FactoryMonitor - Detail added: Car
2025-05-12 09:47:16 INFO  factory.FactoryMonitor - Detail added: Car
2025-05-12 09:47:16 INFO  factory.FactoryMonitor - Detail added: AccessoryDetail
2025-05-12 09:47:16 INFO  factory.FactoryMonitor - Detail added: BodyDetail
2025-05-12 09:47:16 INFO  factory.FactoryMonitor - Detail added: Car
2025-05-12 09:47:16 INFO  factory.FactoryMonitor - Detail added: BodyDetail
2025-05-12 09:47:16 INFO  factory.FactoryMonitor - Detail added: Car
2025-05-12 09:47:16 INFO  factory.FactoryMonitor - Detail added: BodyDetail
2025-05-12 09:47:16 INFO  factory.FactoryMonitor - Detail added: Car
2025-05-12 09:47:16 INFO  factory.FactoryMonitor - Detail added: BodyDetail
2025-05-12 09:47:16 INFO  factory.FactoryMonitor - Detail added: BodyDetail
2025-05-12 09:47:16 INFO  factory.FactoryMonitor - Detail added: BodyDetail
2025-05-12 09:47:16 INFO  factory.FactoryMonitor - Detail added: AccessoryDetail
2025-05-12 09:47:16 INFO  factory.FactoryMonitor - Detail added: BodyDetail
2025-05-12 09:47:16 INFO  factory.FactoryMonitor - Detail added: BodyDetail
2025-05-12 09:47:16 INFO  factory.FactoryMonitor - Detail added: BodyDetail
2025-05-12 09:47:16 INFO  factory.FactoryMonitor - Detail added: BodyDetail
2025-05-12 09:47:16 INFO  factory.FactoryMonitor - Car removed from storage
2025-05-12 09:47:16 INFO  factory.FactoryMonitor - Car removed from storage
2025-05-12 09:47:16 INFO  factory.FactoryMonitor - Detail added: BodyDetail
2025-05-12 09:47:16 INFO  factory.FactoryMonitor - Detail added: BodyDetail
2025-05-12 09:47:16 INFO  factory.FactoryMonitor - Detail added: BodyDetail
2025-05-12 09:47:16 INFO  factory.FactoryMonitor - Detail added: BodyDetail
2025-05-12 09:47:17 INFO  factory.FactoryMonitor - Detail added: BodyDetail
2025-05-12 09:47:17 INFO  factory.FactoryMonitor - Detail added: BodyDetail
2025-05-12 09:47:17 INFO  factory.FactoryMonitor - Detail added: BodyDetail
2025-05-12 09:47:17 INFO  factory.FactoryMonitor - Detail added: BodyDetail
2025-05-12 09:47:17 INFO  factory.FactoryMonitor - Detail added: BodyDetail
2025-05-12 09:47:17 INFO  factory.FactoryMonitor - Detail added: BodyDetail
2025-05-12 09:47:17 INFO  factory.FactoryMonitor - Detail added: MotorDetail
2025-05-12 09:47:17 INFO  factory.FactoryMonitor - Detail added: Car
2025-05-12 09:47:17 INFO  factory.FactoryMonitor - Detail added: AccessoryDetail
2025-05-12 09:47:17 INFO  factory.FactoryMonitor - Detail added: MotorDetail
2025-05-12 09:47:17 INFO  factory.FactoryMonitor - Detail added: Car
2025-05-12 09:47:17 INFO  factory.FactoryMonitor - Detail added: BodyDetail
2025-05-12 09:47:17 INFO  factory.FactoryMonitor - Detail added: BodyDetail
2025-05-12 09:47:17 INFO  factory.FactoryMonitor - Detail added: BodyDetail
2025-05-12 09:47:17 INFO  factory.FactoryMonitor - Detail added: BodyDetail
2025-05-12 09:47:17 INFO  factory.FactoryMonitor - Detail added: BodyDetail
2025-05-12 09:47:17 INFO  factory.FactoryMonitor - Detail added: AccessoryDetail
2025-05-12 09:47:17 INFO  factory.FactoryMonitor - Detail added: BodyDetail
2025-05-12 09:47:17 INFO  factory.FactoryMonitor - Detail added: BodyDetail
2025-05-12 09:47:17 INFO  factory.FactoryMonitor - Detail added: BodyDetail
2025-05-12 09:47:17 INFO  factory.FactoryMonitor - Detail added: BodyDetail
2025-05-12 09:47:17 INFO  factory.FactoryMonitor - Detail added: BodyDetail
2025-05-12 09:47:17 INFO  factory.FactoryMonitor - Detail added: AccessoryDetail
2025-05-12 09:47:17 INFO  factory.FactoryMonitor - Detail added: BodyDetail
2025-05-12 09:47:17 INFO  factory.FactoryMonitor - Detail added: BodyDetail
2025-05-12 09:47:17 INFO  factory.FactoryMonitor - Detail added: BodyDetail
2025-05-12 09:47:17 INFO  factory.FactoryMonitor - Detail added: BodyDetail
2025-05-12 09:47:18 INFO  factory.FactoryMonitor - Detail added: BodyDetail
2025-05-12 09:47:18 INFO  factory.FactoryMonitor - Detail added: BodyDetail
2025-05-12 09:47:18 INFO  factory.FactoryMonitor - Detail added: BodyDetail
2025-05-12 09:47:18 INFO  factory.FactoryMonitor - Detail added: BodyDetail
2025-05-12 09:47:18 INFO  factory.FactoryMonitor - Detail added: BodyDetail
2025-05-12 09:47:18 INFO  factory.FactoryMonitor - Detail added: BodyDetail
2025-05-12 09:47:18 INFO  factory.FactoryMonitor - Detail added: BodyDetail
2025-05-12 09:47:18 INFO  factory.FactoryMonitor - Detail added: BodyDetail
2025-05-12 09:47:18 INFO  factory.FactoryMonitor - Detail added: BodyDetail
2025-05-12 09:47:18 INFO  factory.FactoryMonitor - Detail added: BodyDetail
2025-05-12 09:47:18 INFO  factory.FactoryMonitor - Detail added: MotorDetail
2025-05-12 09:47:18 INFO  factory.FactoryMonitor - Detail added: Car
2025-05-12 09:47:18 INFO  factory.FactoryMonitor - Detail added: MotorDetail
2025-05-12 09:47:18 INFO  factory.FactoryMonitor - Detail added: Car
2025-05-12 09:47:18 INFO  factory.FactoryMonitor - Detail added: AccessoryDetail
2025-05-12 09:47:18 INFO  factory.FactoryMonitor - Detail added: BodyDetail
2025-05-12 09:47:18 INFO  factory.FactoryMonitor - Detail added: BodyDetail
2025-05-12 09:47:18 INFO  factory.FactoryMonitor - Detail added: BodyDetail
2025-05-12 09:47:18 INFO  factory.FactoryMonitor - Detail added: BodyDetail
2025-05-12 09:47:18 INFO  factory.FactoryMonitor - Detail added: BodyDetail
2025-05-12 09:47:18 INFO  factory.FactoryMonitor - Detail added: BodyDetail
2025-05-12 09:47:18 INFO  factory.FactoryMonitor - Detail added: AccessoryDetail
2025-05-12 09:47:18 INFO  factory.FactoryMonitor - Detail added: BodyDetail
2025-05-12 09:47:18 INFO  factory.FactoryMonitor - Detail added: BodyDetail
2025-05-12 09:47:18 INFO  factory.FactoryMonitor - Detail added: BodyDetail
2025-05-12 09:47:18 INFO  factory.FactoryMonitor - Detail added: BodyDetail
2025-05-12 09:47:19 INFO  factory.FactoryMonitor - Detail added: AccessoryDetail
2025-05-12 09:47:19 INFO  factory.FactoryMonitor - Detail added: BodyDetail
2025-05-12 09:47:19 INFO  factory.FactoryMonitor - Detail added: BodyDetail
2025-05-12 09:47:19 INFO  factory.FactoryMonitor - Detail added: BodyDetail
2025-05-12 09:47:19 INFO  factory.FactoryMonitor - Detail added: BodyDetail
2025-05-12 09:47:19 INFO  factory.FactoryMonitor - Detail added: BodyDetail
2025-05-12 09:47:19 INFO  factory.FactoryMonitor - Detail added: BodyDetail
2025-05-12 09:47:19 INFO  factory.FactoryMonitor - Detail added: BodyDetail
2025-05-12 09:47:19 INFO  factory.FactoryMonitor - Detail added: BodyDetail
2025-05-12 09:47:19 INFO  factory.FactoryMonitor - Detail added: BodyDetail
2025-05-12 09:47:19 INFO  factory.FactoryMonitor - Detail added: BodyDetail
2025-05-12 09:47:19 INFO  factory.FactoryMonitor - Detail added: BodyDetail
2025-05-12 09:47:19 INFO  factory.FactoryMonitor - Detail added: BodyDetail
2025-05-12 09:47:19 INFO  factory.FactoryMonitor - Detail added: BodyDetail
2025-05-12 09:47:19 INFO  factory.FactoryMonitor - Detail added: BodyDetail
2025-05-12 09:47:19 INFO  factory.FactoryMonitor - Detail added: MotorDetail
2025-05-12 09:47:19 INFO  factory.FactoryMonitor - Detail added: Car
2025-05-12 09:47:19 INFO  factory.FactoryMonitor - Detail added: MotorDetail
2025-05-12 09:47:19 INFO  factory.FactoryMonitor - Detail added: Car
2025-05-12 09:47:19 INFO  factory.FactoryMonitor - Detail added: BodyDetail
2025-05-12 09:47:19 INFO  factory.FactoryMonitor - Detail added: BodyDetail
2025-05-12 09:47:19 INFO  factory.FactoryMonitor - Detail added: AccessoryDetail
2025-05-12 09:47:19 INFO  factory.FactoryMonitor - Detail added: BodyDetail
2025-05-12 09:47:19 INFO  factory.FactoryMonitor - Detail added: BodyDetail
2025-05-12 09:47:19 INFO  factory.FactoryMonitor - Car removed from storage
2025-05-12 09:47:19 INFO  factory.FactoryMonitor - Car removed from storage
2025-05-12 09:47:19 INFO  factory.FactoryMonitor - Detail added: BodyDetail
2025-05-12 09:47:19 INFO  factory.FactoryMonitor - Detail added: BodyDetail
2025-05-12 09:47:20 INFO  factory.FactoryMonitor - Detail added: AccessoryDetail
2025-05-12 09:47:20 INFO  factory.FactoryMonitor - Detail added: BodyDetail
2025-05-12 09:47:20 INFO  factory.FactoryMonitor - Detail added: BodyDetail
2025-05-12 09:47:20 INFO  factory.FactoryMonitor - Detail added: BodyDetail
2025-05-12 09:47:20 INFO  factory.FactoryMonitor - Detail added: BodyDetail
2025-05-12 09:47:20 INFO  factory.FactoryMonitor - Detail added: BodyDetail
2025-05-12 09:47:20 INFO  factory.FactoryMonitor - Detail added: BodyDetail
2025-05-12 09:47:20 INFO  factory.FactoryMonitor - Detail added: AccessoryDetail
2025-05-12 09:47:20 INFO  factory.FactoryMonitor - Detail added: BodyDetail
2025-05-12 09:47:20 INFO  factory.FactoryMonitor - Detail added: BodyDetail
2025-05-12 09:47:20 INFO  factory.FactoryMonitor - Detail added: BodyDetail
2025-05-12 09:47:20 INFO  factory.FactoryMonitor - Detail added: BodyDetail
2025-05-12 09:47:20 INFO  factory.FactoryMonitor - Car removed from storage
2025-05-12 09:47:20 INFO  factory.FactoryMonitor - Detail added: MotorDetail
2025-05-12 09:47:20 INFO  factory.FactoryMonitor - Detail added: Car
2025-05-12 09:47:20 INFO  factory.FactoryMonitor - Detail added: MotorDetail
2025-05-12 09:47:20 INFO  factory.FactoryMonitor - Detail added: Car
2025-05-12 09:47:21 INFO  factory.FactoryMonitor - Detail added: AccessoryDetail
2025-05-12 09:47:21 INFO  factory.FactoryMonitor - Detail added: BodyDetail
2025-05-12 09:47:21 INFO  factory.FactoryMonitor - Detail added: BodyDetail
2025-05-12 09:47:21 INFO  factory.FactoryMonitor - Detail added: AccessoryDetail
2025-05-12 09:47:21 INFO  factory.FactoryMonitor - Detail added: AccessoryDetail
2025-05-12 09:47:22 INFO  factory.FactoryMonitor - Detail added: MotorDetail
2025-05-12 09:47:22 INFO  factory.FactoryMonitor - Detail added: Car
2025-05-12 09:47:22 INFO  factory.FactoryMonitor - Detail added: MotorDetail
2025-05-12 09:47:22 INFO  factory.FactoryMonitor - Detail added: Car
2025-05-12 09:47:22 INFO  factory.FactoryMonitor - Detail added: AccessoryDetail
2025-05-12 09:47:22 INFO  factory.FactoryMonitor - Detail added: BodyDetail
2025-05-12 09:47:22 INFO  factory.FactoryMonitor - Detail added: BodyDetail
2025-05-12 09:47:22 INFO  factory.FactoryMonitor - Detail added: AccessoryDetail
2025-05-12 09:47:22 INFO  factory.FactoryMonitor - Detail added: AccessoryDetail
2025-05-12 09:47:23 INFO  factory.FactoryMonitor - Detail added: MotorDetail
2025-05-12 09:47:23 INFO  factory.FactoryMonitor - Detail added: Car
2025-05-12 09:47:23 INFO  factory.FactoryMonitor - Detail added: MotorDetail
2025-05-12 09:47:23 INFO  factory.FactoryMonitor - Detail added: Car
2025-05-12 09:47:23 INFO  factory.FactoryMonitor - Detail added: AccessoryDetail
2025-05-12 09:47:23 INFO  factory.FactoryMonitor - Detail added: BodyDetail
2025-05-12 09:47:23 INFO  factory.FactoryMonitor - Detail added: BodyDetail
2025-05-12 09:47:23 INFO  factory.FactoryMonitor - Detail added: AccessoryDetail
2025-05-12 09:47:24 INFO  factory.FactoryMonitor - Detail added: AccessoryDetail
2025-05-12 09:47:24 INFO  factory.FactoryMonitor - Detail added: MotorDetail
2025-05-12 09:47:24 INFO  factory.FactoryMonitor - Detail added: Car
2025-05-12 09:47:24 INFO  factory.FactoryMonitor - Detail added: MotorDetail
2025-05-12 09:47:24 INFO  factory.FactoryMonitor - Detail added: Car
2025-05-12 09:47:24 INFO  factory.FactoryMonitor - Detail added: AccessoryDetail
2025-05-12 09:47:24 INFO  factory.FactoryMonitor - Detail added: BodyDetail
2025-05-12 09:47:24 INFO  factory.FactoryMonitor - Detail added: BodyDetail
2025-05-12 09:47:25 INFO  factory.FactoryMonitor - Detail added: AccessoryDetail
2025-05-12 09:47:25 INFO  factory.FactoryMonitor - Detail added: MotorDetail
2025-05-12 09:47:25 INFO  factory.FactoryMonitor - Detail added: Car
2025-05-12 09:47:25 INFO  factory.FactoryMonitor - Detail added: AccessoryDetail
2025-05-12 09:47:25 INFO  factory.FactoryMonitor - Detail added: MotorDetail
2025-05-12 09:47:25 INFO  factory.FactoryMonitor - Detail added: Car
2025-05-12 09:47:26 INFO  factory.FactoryMonitor - Detail added: AccessoryDetail
2025-05-12 09:47:26 INFO  factory.FactoryMonitor - Detail added: BodyDetail
2025-05-12 09:47:26 INFO  factory.FactoryMonitor - Detail added: BodyDetail
2025-05-12 09:47:26 INFO  factory.FactoryMonitor - Car removed from storage
2025-05-12 09:47:26 INFO  factory.FactoryMonitor - Car removed from storage
2025-05-12 09:47:26 INFO  factory.FactoryMonitor - Detail added: MotorDetail
2025-05-12 09:47:26 INFO  factory.FactoryMonitor - Detail added: Car
2025-05-12 09:47:26 INFO  factory.FactoryMonitor - Detail added: AccessoryDetail
2025-05-12 09:47:26 INFO  factory.FactoryMonitor - Detail added: MotorDetail
2025-05-12 09:47:26 INFO  factory.FactoryMonitor - Detail added: Car
2025-05-12 09:47:26 INFO  factory.FactoryMonitor - Detail added: AccessoryDetail
2025-05-12 09:47:28 INFO  factory.FactoryMonitor - Detail added: BodyDetail
2025-05-12 09:47:28 INFO  factory.FactoryMonitor - Detail added: BodyDetail
2025-05-12 09:47:28 INFO  factory.FactoryMonitor - Detail added: MotorDetail
2025-05-12 09:47:28 INFO  factory.FactoryMonitor - Detail added: Car
2025-05-12 09:47:28 INFO  factory.FactoryMonitor - Detail added: AccessoryDetail
2025-05-12 09:47:28 INFO  factory.FactoryMonitor - Detail added: MotorDetail
2025-05-12 09:47:28 INFO  factory.FactoryMonitor - Detail added: Car
2025-05-12 09:47:28 INFO  factory.FactoryMonitor - Detail added: AccessoryDetail
2025-05-12 09:47:29 INFO  factory.FactoryMonitor - Detail added: MotorDetail
2025-05-12 09:47:29 INFO  factory.FactoryMonitor - Detail added: Car
2025-05-12 09:47:29 INFO  factory.FactoryMonitor - Detail added: AccessoryDetail
2025-05-12 09:47:29 INFO  factory.FactoryMonitor - Detail added: MotorDetail
2025-05-12 09:47:29 INFO  factory.FactoryMonitor - Detail added: Car
2025-05-12 09:47:29 INFO  factory.FactoryMonitor - Detail added: AccessoryDetail
2025-05-12 09:47:29 INFO  factory.FactoryMonitor - Detail added: BodyDetail
2025-05-12 09:47:29 INFO  factory.FactoryMonitor - Detail added: BodyDetail
2025-05-12 09:47:29 INFO  factory.FactoryMonitor - Car removed from storage
2025-05-12 09:47:29 INFO  factory.FactoryMonitor - Car removed from storage
2025-05-12 09:47:30 INFO  factory.FactoryMonitor - Detail added: MotorDetail
2025-05-12 09:47:30 INFO  factory.FactoryMonitor - Detail added: Car
2025-05-12 09:47:30 INFO  factory.FactoryMonitor - Detail added: AccessoryDetail
2025-05-12 09:47:30 INFO  factory.FactoryMonitor - Detail added: MotorDetail
2025-05-12 09:47:30 INFO  factory.FactoryMonitor - Detail added: Car
2025-05-12 09:47:30 INFO  factory.FactoryMonitor - Detail added: AccessoryDetail
2025-05-12 09:47:30 INFO  factory.FactoryMonitor - Car removed from storage
2025-05-12 09:47:31 INFO  factory.FactoryMonitor - Detail added: BodyDetail
2025-05-12 09:47:31 INFO  factory.FactoryMonitor - Detail added: BodyDetail
2025-05-12 09:47:31 INFO  factory.FactoryMonitor - Detail added: MotorDetail
2025-05-12 09:47:31 INFO  factory.FactoryMonitor - Detail added: Car
2025-05-12 09:47:31 INFO  factory.FactoryMonitor - Detail added: AccessoryDetail
2025-05-12 09:47:31 INFO  factory.FactoryMonitor - Detail added: MotorDetail
2025-05-12 09:47:31 INFO  factory.FactoryMonitor - Detail added: Car
2025-05-12 09:47:31 INFO  factory.FactoryMonitor - Detail added: AccessoryDetail
2025-05-12 09:47:32 INFO  factory.FactoryMonitor - Detail added: MotorDetail
2025-05-12 09:47:32 INFO  factory.FactoryMonitor - Detail added: Car
2025-05-12 09:47:32 INFO  factory.FactoryMonitor - Detail added: AccessoryDetail
2025-05-12 09:47:32 INFO  factory.FactoryMonitor - Detail added: MotorDetail
2025-05-12 09:47:32 INFO  factory.FactoryMonitor - Detail added: Car
2025-05-12 09:47:33 INFO  factory.FactoryMonitor - Detail added: AccessoryDetail
2025-05-12 09:47:33 INFO  factory.FactoryMonitor - Detail added: BodyDetail
2025-05-12 09:47:33 INFO  factory.FactoryMonitor - Detail added: BodyDetail
2025-05-12 09:47:34 INFO  factory.FactoryMonitor - Detail added: MotorDetail
2025-05-12 09:47:34 INFO  factory.FactoryMonitor - Detail added: Car
2025-05-12 09:47:34 INFO  factory.FactoryMonitor - Detail added: AccessoryDetail
2025-05-12 09:47:34 INFO  factory.FactoryMonitor - Detail added: MotorDetail
2025-05-12 09:47:34 INFO  factory.FactoryMonitor - Detail added: Car
2025-05-12 09:47:34 INFO  factory.FactoryMonitor - Detail added: AccessoryDetail
2025-05-12 09:47:35 INFO  factory.FactoryMonitor - Detail added: MotorDetail
2025-05-12 09:47:35 INFO  factory.FactoryMonitor - Detail added: Car
2025-05-12 09:47:35 INFO  factory.FactoryMonitor - Detail added: AccessoryDetail
2025-05-12 09:47:35 INFO  factory.FactoryMonitor - Detail added: MotorDetail
2025-05-12 09:47:35 INFO  factory.FactoryMonitor - Detail added: Car
2025-05-12 09:47:35 INFO  factory.FactoryMonitor - Detail added: BodyDetail
2025-05-12 09:47:35 INFO  factory.FactoryMonitor - Detail added: BodyDetail
2025-05-12 09:47:35 INFO  factory.FactoryMonitor - Detail added: AccessoryDetail
2025-05-12 09:47:36 INFO  factory.FactoryMonitor - Detail added: MotorDetail
2025-05-12 09:47:36 INFO  factory.FactoryMonitor - Detail added: Car
2025-05-12 09:47:36 INFO  factory.FactoryMonitor - Detail added: AccessoryDetail
2025-05-12 09:47:36 INFO  factory.FactoryMonitor - Detail added: MotorDetail
2025-05-12 09:47:36 INFO  factory.FactoryMonitor - Detail added: Car
2025-05-12 09:47:36 INFO  factory.FactoryMonitor - Detail added: AccessoryDetail
2025-05-12 09:47:36 INFO  factory.FactoryMonitor - Car removed from storage
2025-05-12 09:47:36 INFO  factory.FactoryMonitor - Car removed from storage
2025-05-12 09:47:37 INFO  factory.FactoryMonitor - Detail added: BodyDetail
2025-05-12 09:47:37 INFO  factory.FactoryMonitor - Detail added: BodyDetail
2025-05-12 09:47:37 INFO  factory.FactoryMonitor - Detail added: MotorDetail
2025-05-12 09:47:37 INFO  factory.FactoryMonitor - Detail added: Car
2025-05-12 09:47:37 INFO  factory.FactoryMonitor - Detail added: AccessoryDetail
2025-05-12 09:47:37 INFO  factory.FactoryMonitor - Detail added: MotorDetail
2025-05-12 09:47:37 INFO  factory.FactoryMonitor - Detail added: Car
2025-05-12 09:47:37 INFO  factory.FactoryMonitor - Detail added: AccessoryDetail
2025-05-12 09:47:38 INFO  factory.FactoryMonitor - Detail added: MotorDetail
2025-05-12 09:47:38 INFO  factory.FactoryMonitor - Detail added: Car
2025-05-12 09:47:38 INFO  factory.FactoryMonitor - Detail added: AccessoryDetail
2025-05-12 09:47:38 INFO  factory.FactoryMonitor - Detail added: MotorDetail
2025-05-12 09:47:38 INFO  factory.FactoryMonitor - Detail added: Car
2025-05-12 09:47:39 INFO  factory.FactoryMonitor - Detail added: AccessoryDetail
2025-05-12 09:47:39 INFO  factory.FactoryMonitor - Detail added: BodyDetail
2025-05-12 09:47:39 INFO  factory.FactoryMonitor - Detail added: BodyDetail
2025-05-12 09:47:39 INFO  factory.FactoryMonitor - Car removed from storage
2025-05-12 09:47:39 INFO  factory.FactoryMonitor - Car removed from storage
2025-05-12 09:47:40 INFO  factory.FactoryMonitor - Detail added: MotorDetail
2025-05-12 09:47:40 INFO  factory.FactoryMonitor - Detail added: Car
2025-05-12 09:47:40 INFO  factory.FactoryMonitor - Detail added: AccessoryDetail
2025-05-12 09:47:40 INFO  factory.FactoryMonitor - Detail added: MotorDetail
2025-05-12 09:47:40 INFO  factory.FactoryMonitor - Detail added: Car
2025-05-12 09:47:40 INFO  factory.FactoryMonitor - Detail added: AccessoryDetail
2025-05-12 09:47:40 INFO  factory.FactoryMonitor - Car removed from storage
2025-05-12 09:47:40 INFO  factory.FactoryMonitor - Detail added: BodyDetail
2025-05-12 09:47:40 INFO  factory.FactoryMonitor - Detail added: BodyDetail
2025-05-12 09:47:41 INFO  factory.FactoryMonitor - Detail added: MotorDetail
2025-05-12 09:47:41 INFO  factory.FactoryMonitor - Detail added: Car
2025-05-12 09:47:41 INFO  factory.FactoryMonitor - Detail added: AccessoryDetail
2025-05-12 09:47:41 INFO  factory.FactoryMonitor - Detail added: MotorDetail
2025-05-12 09:47:41 INFO  factory.FactoryMonitor - Detail added: Car
2025-05-12 09:47:41 INFO  factory.FactoryMonitor - Detail added: AccessoryDetail
2025-05-12 09:47:42 INFO  factory.FactoryMonitor - Detail added: MotorDetail
2025-05-12 09:47:42 INFO  factory.FactoryMonitor - Detail added: Car
2025-05-12 09:47:42 INFO  factory.FactoryMonitor - Detail added: AccessoryDetail
2025-05-12 09:47:42 INFO  factory.FactoryMonitor - Detail added: MotorDetail
2025-05-12 09:47:42 INFO  factory.FactoryMonitor - Detail added: Car
2025-05-12 09:47:42 INFO  factory.FactoryMonitor - Detail added: AccessoryDetail
2025-05-12 09:47:42 INFO  factory.FactoryMonitor - Detail added: BodyDetail
2025-05-12 09:47:42 INFO  factory.FactoryMonitor - Detail added: BodyDetail
2025-05-12 09:47:43 INFO  factory.FactoryMonitor - Detail added: MotorDetail
2025-05-12 09:47:43 INFO  factory.FactoryMonitor - Detail added: Car
2025-05-12 09:47:43 INFO  factory.FactoryMonitor - Detail added: AccessoryDetail
2025-05-12 09:47:43 INFO  factory.FactoryMonitor - Detail added: MotorDetail
2025-05-12 09:47:43 INFO  factory.FactoryMonitor - Detail added: Car
2025-05-12 09:47:43 INFO  factory.FactoryMonitor - Detail added: AccessoryDetail
2025-05-12 09:47:44 INFO  factory.FactoryMonitor - Detail added: BodyDetail
2025-05-12 09:47:44 INFO  factory.FactoryMonitor - Detail added: BodyDetail
2025-05-12 09:47:44 INFO  factory.FactoryMonitor - Detail added: MotorDetail
2025-05-12 09:47:44 INFO  factory.FactoryMonitor - Detail added: Car
2025-05-12 09:47:44 INFO  factory.FactoryMonitor - Detail added: AccessoryDetail
2025-05-12 09:47:44 INFO  factory.FactoryMonitor - Detail added: MotorDetail
2025-05-12 09:47:44 INFO  factory.FactoryMonitor - Detail added: Car
2025-05-12 09:47:45 INFO  factory.FactoryMonitor - Detail added: AccessoryDetail
2025-05-12 09:47:46 INFO  factory.FactoryMonitor - Detail added: MotorDetail
2025-05-12 09:47:46 INFO  factory.FactoryMonitor - Detail added: Car
2025-05-12 09:47:46 INFO  factory.FactoryMonitor - Detail added: AccessoryDetail
2025-05-12 09:47:46 INFO  factory.FactoryMonitor - Detail added: MotorDetail
2025-05-12 09:47:46 INFO  factory.FactoryMonitor - Detail added: Car
2025-05-12 09:47:46 INFO  factory.FactoryMonitor - Detail added: AccessoryDetail
2025-05-12 09:47:46 INFO  factory.FactoryMonitor - Detail added: BodyDetail
2025-05-12 09:47:46 INFO  factory.FactoryMonitor - Detail added: BodyDetail
2025-05-12 09:47:46 INFO  factory.FactoryMonitor - Car removed from storage
2025-05-12 09:47:46 INFO  factory.FactoryMonitor - Car removed from storage
2025-05-12 09:47:46 INFO  factory.FactoryMonitor - Car removed from storage
2025-05-12 09:47:46 INFO  factory.FactoryMonitor - Car removed from storage
2025-05-12 09:47:46 INFO  factory.FactoryMonitor - Car removed from storage
2025-05-12 09:47:46 INFO  factory.FactoryMonitor - Car removed from storage
2025-05-12 09:47:47 INFO  factory.FactoryMonitor - Car removed from storage
2025-05-12 09:47:47 INFO  factory.FactoryMonitor - Car removed from storage
2025-05-12 09:47:47 INFO  factory.FactoryMonitor - Car removed from storage
2025-05-12 09:47:47 INFO  factory.FactoryMonitor - Car removed from storage
2025-05-12 09:47:47 INFO  factory.FactoryMonitor - Car removed from storage
2025-05-12 09:47:47 INFO  factory.FactoryMonitor - Car removed from storage
2025-05-12 09:47:47 INFO  factory.FactoryMonitor - Car removed from storage
2025-05-12 09:47:47 INFO  factory.FactoryMonitor - Car removed from storage
2025-05-12 09:47:47 INFO  factory.FactoryMonitor - Detail added: MotorDetail
2025-05-12 09:47:47 INFO  factory.FactoryMonitor - Detail added: AccessoryDetail
2025-05-12 09:47:47 INFO  factory.FactoryMonitor - Detail added: Car
2025-05-12 09:47:47 INFO  factory.FactoryMonitor - Detail added: MotorDetail
2025-05-12 09:47:47 INFO  factory.FactoryMonitor - Detail added: Car
2025-05-12 09:47:47 INFO  factory.FactoryMonitor - Detail added: AccessoryDetail
2025-05-12 09:47:47 INFO  factory.FactoryMonitor - Car removed from storage
2025-05-12 09:47:47 INFO  factory.FactoryMonitor - Car removed from storage
2025-05-12 09:47:47 INFO  factory.FactoryMonitor - Car removed from storage
2025-05-12 09:47:47 INFO  factory.FactoryMonitor - Car removed from storage
2025-05-12 09:47:47 INFO  factory.FactoryMonitor - Car removed from storage
2025-05-12 09:47:47 INFO  factory.FactoryMonitor - Car removed from storage
2025-05-12 09:47:47 INFO  factory.FactoryMonitor - Car removed from storage
2025-05-12 09:47:47 INFO  factory.FactoryMonitor - Car removed from storage
2025-05-12 09:47:47 INFO  factory.FactoryMonitor - Car removed from storage
2025-05-12 09:47:47 INFO  factory.FactoryMonitor - Car removed from storage
2025-05-12 09:47:47 INFO  factory.FactoryMonitor - Car removed from storage
2025-05-12 09:47:47 INFO  factory.FactoryMonitor - Car removed from storage
2025-05-12 09:47:48 INFO  factory.FactoryMonitor - Car removed from storage
2025-05-12 09:47:48 INFO  factory.FactoryMonitor - Car removed from storage
2025-05-12 09:47:48 INFO  factory.FactoryMonitor - Car removed from storage
2025-05-12 09:47:48 INFO  factory.FactoryMonitor - Car removed from storage
2025-05-12 09:47:48 INFO  factory.FactoryMonitor - Car removed from storage
2025-05-12 09:47:48 INFO  factory.FactoryMonitor - Car removed from storage
2025-05-12 09:47:48 INFO  factory.FactoryMonitor - Detail added: BodyDetail
2025-05-12 09:47:48 INFO  factory.FactoryMonitor - Detail added: BodyDetail
2025-05-12 09:47:48 INFO  factory.FactoryMonitor - Car removed from storage
2025-05-12 09:47:48 INFO  factory.FactoryMonitor - Car removed from storage
2025-05-12 09:47:48 INFO  factory.FactoryMonitor - Car removed from storage
2025-05-12 09:47:48 INFO  factory.FactoryMonitor - Car removed from storage
2025-05-12 09:47:48 INFO  factory.FactoryMonitor - Car removed from storage
2025-05-12 09:47:48 INFO  factory.FactoryMonitor - Car removed from storage
2025-05-12 09:47:48 INFO  factory.FactoryMonitor - Detail added: MotorDetail
2025-05-12 09:47:48 INFO  factory.FactoryMonitor - Detail added: AccessoryDetail
2025-05-12 09:47:48 INFO  factory.FactoryMonitor - Detail added: Car
2025-05-12 09:47:48 INFO  factory.FactoryMonitor - Detail added: MotorDetail
2025-05-12 09:47:48 INFO  factory.FactoryMonitor - Detail added: Car
2025-05-12 09:47:48 INFO  factory.FactoryMonitor - Detail added: AccessoryDetail
2025-05-12 09:47:48 INFO  factory.FactoryMonitor - Car removed from storage
2025-05-12 09:47:48 INFO  factory.FactoryMonitor - Car removed from storage
2025-05-12 09:47:48 INFO  factory.FactoryMonitor - Car removed from storage
2025-05-12 09:47:48 INFO  factory.FactoryMonitor - Car removed from storage
2025-05-12 09:47:48 INFO  factory.FactoryMonitor - Car removed from storage
2025-05-12 09:47:48 INFO  factory.FactoryMonitor - Car removed from storage
2025-05-12 09:47:48 INFO  factory.FactoryMonitor - Car removed from storage
2025-05-12 09:47:48 INFO  factory.FactoryMonitor - Car removed from storage
2025-05-12 09:47:49 INFO  factory.FactoryMonitor - Car removed from storage
2025-05-12 09:47:49 INFO  factory.FactoryMonitor - Car removed from storage
2025-05-12 09:47:49 INFO  factory.FactoryMonitor - Car removed from storage
2025-05-12 09:47:49 INFO  factory.FactoryMonitor - Car removed from storage
2025-05-12 09:47:49 INFO  factory.FactoryMonitor - Car removed from storage
2025-05-12 09:47:49 INFO  factory.FactoryMonitor - Car removed from storage
2025-05-12 09:47:49 INFO  factory.FactoryMonitor - Car removed from storage
2025-05-12 09:47:49 INFO  factory.FactoryMonitor - Car removed from storage
2025-05-12 09:47:49 INFO  factory.FactoryMonitor - Car removed from storage
2025-05-12 09:47:49 INFO  factory.FactoryMonitor - Car removed from storage
2025-05-12 09:47:49 INFO  factory.FactoryMonitor - Detail added: MotorDetail
2025-05-12 09:47:49 INFO  factory.FactoryMonitor - Detail added: Car
2025-05-12 09:47:49 INFO  factory.FactoryMonitor - Detail added: AccessoryDetail
2025-05-12 09:47:49 INFO  factory.FactoryMonitor - Car removed from storage
2025-05-12 09:47:49 INFO  factory.FactoryMonitor - Detail added: MotorDetail
2025-05-12 09:47:49 INFO  factory.FactoryMonitor - Detail added: Car
2025-05-12 09:47:49 INFO  factory.FactoryMonitor - Car removed from storage
2025-05-12 09:47:49 INFO  factory.FactoryMonitor - Detail added: AccessoryDetail
2025-05-12 09:47:49 INFO  factory.FactoryMonitor - Car removed from storage
2025-05-12 09:47:49 INFO  factory.FactoryMonitor - Car removed from storage
2025-05-12 09:47:50 INFO  factory.FactoryMonitor - Car removed from storage
2025-05-12 09:47:50 INFO  factory.FactoryMonitor - Car removed from storage
2025-05-12 09:47:50 INFO  factory.FactoryMonitor - Detail added: BodyDetail
2025-05-12 09:47:50 INFO  factory.FactoryMonitor - Detail added: BodyDetail
2025-05-12 09:47:50 INFO  factory.FactoryMonitor - Car removed from storage
2025-05-12 09:47:50 INFO  factory.FactoryMonitor - Car removed from storage
2025-05-12 09:47:50 INFO  factory.FactoryMonitor - Car removed from storage
2025-05-12 09:47:50 INFO  factory.FactoryMonitor - Car removed from storage
2025-05-12 09:47:50 INFO  factory.FactoryMonitor - Car removed from storage
2025-05-12 09:47:50 INFO  factory.FactoryMonitor - Car removed from storage
2025-05-12 09:47:50 INFO  factory.FactoryMonitor - Car removed from storage
2025-05-12 09:47:51 INFO  factory.FactoryMonitor - Detail added: MotorDetail
2025-05-12 09:47:51 INFO  factory.FactoryMonitor - Detail added: Car
2025-05-12 09:47:51 INFO  factory.FactoryMonitor - Detail added: AccessoryDetail
2025-05-12 09:47:51 INFO  factory.FactoryMonitor - Detail added: MotorDetail
2025-05-12 09:47:51 INFO  factory.FactoryMonitor - Detail added: Car
2025-05-12 09:47:51 INFO  factory.FactoryMonitor - Detail added: AccessoryDetail
2025-05-12 09:47:51 INFO  factory.FactoryMonitor - Car removed from storage
2025-05-12 09:47:51 INFO  factory.FactoryMonitor - Car removed from storage
2025-05-12 09:47:51 INFO  factory.FactoryMonitor - Car removed from storage
2025-05-12 09:47:51 INFO  factory.FactoryMonitor - Car removed from storage
2025-05-12 09:47:51 INFO  factory.FactoryMonitor - Car removed from storage
2025-05-12 09:47:52 INFO  factory.FactoryMonitor - Detail added: BodyDetail
2025-05-12 09:47:52 INFO  factory.FactoryMonitor - Detail added: BodyDetail
2025-05-12 09:47:52 INFO  factory.FactoryMonitor - Car removed from storage
2025-05-12 09:47:52 INFO  factory.FactoryMonitor - Car removed from storage
2025-05-12 09:47:52 INFO  factory.FactoryMonitor - Car removed from storage
2025-05-12 09:47:52 INFO  factory.FactoryMonitor - Detail added: MotorDetail
2025-05-12 09:47:52 INFO  factory.FactoryMonitor - Detail added: Car
2025-05-12 09:47:52 INFO  factory.FactoryMonitor - Detail added: AccessoryDetail
2025-05-12 09:47:52 INFO  factory.FactoryMonitor - Detail added: MotorDetail
2025-05-12 09:47:52 INFO  factory.FactoryMonitor - Detail added: Car
2025-05-12 09:47:52 INFO  factory.FactoryMonitor - Detail added: AccessoryDetail
2025-05-12 09:47:52 INFO  factory.FactoryMonitor - Car removed from storage
2025-05-12 09:47:52 INFO  factory.FactoryMonitor - Car removed from storage
2025-05-12 09:47:53 INFO  factory.FactoryMonitor - Car removed from storage
2025-05-12 09:47:53 INFO  factory.FactoryMonitor - Car removed from storage
2025-05-12 09:47:53 INFO  factory.FactoryMonitor - Car removed from storage
2025-05-12 09:47:53 INFO  factory.FactoryMonitor - Detail added: MotorDetail
2025-05-12 09:47:53 INFO  factory.FactoryMonitor - Detail added: Car
2025-05-12 09:47:53 INFO  factory.FactoryMonitor - Detail added: AccessoryDetail
2025-05-12 09:47:53 INFO  factory.FactoryMonitor - Detail added: MotorDetail
2025-05-12 09:47:53 INFO  factory.FactoryMonitor - Detail added: Car
2025-05-12 09:47:53 INFO  factory.FactoryMonitor - Detail added: AccessoryDetail
2025-05-12 09:47:53 INFO  factory.FactoryMonitor - Car removed from storage
2025-05-12 09:47:53 INFO  factory.FactoryMonitor - Car removed from storage
2025-05-12 09:47:53 INFO  factory.FactoryMonitor - Detail added: BodyDetail
2025-05-12 09:47:53 INFO  factory.FactoryMonitor - Detail added: BodyDetail
2025-05-12 09:47:54 INFO  factory.FactoryMonitor - Car removed from storage
2025-05-12 09:47:54 INFO  factory.FactoryMonitor - Car removed from storage
2025-05-12 09:47:54 INFO  factory.FactoryMonitor - Car removed from storage
2025-05-12 09:47:54 INFO  factory.FactoryMonitor - Car removed from storage
2025-05-12 09:47:54 INFO  factory.FactoryMonitor - Car removed from storage
2025-05-12 09:47:54 INFO  factory.FactoryMonitor - Detail added: MotorDetail
2025-05-12 09:47:54 INFO  factory.FactoryMonitor - Detail added: Car
2025-05-12 09:47:54 INFO  factory.FactoryMonitor - Detail added: AccessoryDetail
2025-05-12 09:47:54 INFO  factory.FactoryMonitor - Detail added: MotorDetail
2025-05-12 09:47:54 INFO  factory.FactoryMonitor - Detail added: Car
2025-05-12 09:47:54 INFO  factory.FactoryMonitor - Detail added: AccessoryDetail
2025-05-12 09:47:55 INFO  factory.FactoryMonitor - Car removed from storage
2025-05-12 09:47:55 INFO  factory.FactoryMonitor - Car removed from storage
2025-05-12 09:47:55 INFO  factory.FactoryMonitor - Car removed from storage
2025-05-12 09:47:55 INFO  factory.FactoryMonitor - Car removed from storage
2025-05-12 09:47:55 INFO  factory.FactoryMonitor - Car removed from storage
2025-05-12 09:47:55 INFO  factory.FactoryMonitor - Detail added: BodyDetail
2025-05-12 09:47:55 INFO  factory.FactoryMonitor - Detail added: BodyDetail
2025-05-12 09:47:55 INFO  factory.FactoryMonitor - Detail added: MotorDetail
2025-05-12 09:47:55 INFO  factory.FactoryMonitor - Detail added: Car
2025-05-12 09:47:55 INFO  factory.FactoryMonitor - Detail added: AccessoryDetail
2025-05-12 09:47:55 INFO  factory.FactoryMonitor - Detail added: MotorDetail
2025-05-12 09:47:55 INFO  factory.FactoryMonitor - Detail added: Car
2025-05-12 09:47:55 INFO  factory.FactoryMonitor - Detail added: AccessoryDetail
2025-05-12 09:47:56 INFO  factory.FactoryMonitor - Car removed from storage
2025-05-12 09:47:56 INFO  factory.FactoryMonitor - Car removed from storage
2025-05-12 09:47:56 INFO  factory.FactoryMonitor - Car removed from storage
2025-05-12 09:47:56 INFO  factory.FactoryMonitor - Car removed from storage
2025-05-12 09:47:56 INFO  factory.FactoryMonitor - Car removed from storage
2025-05-12 09:47:57 INFO  factory.FactoryMonitor - Detail added: MotorDetail
2025-05-12 09:47:57 INFO  factory.FactoryMonitor - Detail added: Car
2025-05-12 09:47:57 INFO  factory.FactoryMonitor - Detail added: AccessoryDetail
2025-05-12 09:47:57 INFO  factory.FactoryMonitor - Detail added: MotorDetail
2025-05-12 09:47:57 INFO  factory.FactoryMonitor - Detail added: Car
2025-05-12 09:47:57 INFO  factory.FactoryMonitor - Detail added: AccessoryDetail
2025-05-12 09:47:57 INFO  factory.FactoryMonitor - Car removed from storage
2025-05-12 09:47:57 INFO  factory.FactoryMonitor - Car removed from storage
2025-05-12 09:47:57 INFO  factory.FactoryMonitor - Car removed from storage
2025-05-12 09:47:57 INFO  factory.FactoryMonitor - Detail added: BodyDetail
2025-05-12 09:47:57 INFO  factory.FactoryMonitor - Detail added: BodyDetail
2025-05-12 09:47:57 INFO  factory.FactoryMonitor - Car removed from storage
2025-05-12 09:47:57 INFO  factory.FactoryMonitor - Car removed from storage
2025-05-12 09:47:58 INFO  factory.FactoryMonitor - Detail added: MotorDetail
2025-05-12 09:47:58 INFO  factory.FactoryMonitor - Detail added: Car
2025-05-12 09:47:58 INFO  factory.FactoryMonitor - Detail added: AccessoryDetail
2025-05-12 09:47:58 INFO  factory.FactoryMonitor - Detail added: MotorDetail
2025-05-12 09:47:58 INFO  factory.FactoryMonitor - Detail added: Car
2025-05-12 09:47:58 INFO  factory.FactoryMonitor - Detail added: AccessoryDetail
2025-05-12 09:47:58 INFO  factory.FactoryMonitor - Car removed from storage
2025-05-12 09:47:58 INFO  factory.FactoryMonitor - Car removed from storage
2025-05-12 09:47:58 INFO  factory.FactoryMonitor - Car removed from storage
2025-05-12 09:47:58 INFO  factory.FactoryMonitor - Car removed from storage
2025-05-12 09:47:58 INFO  factory.FactoryMonitor - Car removed from storage
2025-05-12 09:47:59 INFO  factory.FactoryMonitor - Detail added: BodyDetail
2025-05-12 09:47:59 INFO  factory.FactoryMonitor - Detail added: BodyDetail
2025-05-12 09:47:59 INFO  factory.FactoryMonitor - Car removed from storage
2025-05-12 09:47:59 INFO  factory.FactoryMonitor - Car removed from storage
2025-05-12 09:47:59 INFO  factory.FactoryMonitor - Car removed from storage
2025-05-12 09:47:59 INFO  factory.FactoryMonitor - Detail added: MotorDetail
2025-05-12 09:47:59 INFO  factory.FactoryMonitor - Detail added: Car
2025-05-12 09:47:59 INFO  factory.FactoryMonitor - Detail added: AccessoryDetail
2025-05-12 09:47:59 INFO  factory.FactoryMonitor - Detail added: MotorDetail
2025-05-12 09:47:59 INFO  factory.FactoryMonitor - Detail added: Car
2025-05-12 09:47:59 INFO  factory.FactoryMonitor - Detail added: AccessoryDetail
2025-05-12 09:47:59 INFO  factory.FactoryMonitor - Car removed from storage
2025-05-12 09:47:59 INFO  factory.FactoryMonitor - Car removed from storage
2025-05-12 09:48:00 INFO  factory.FactoryMonitor - Car removed from storage
2025-05-12 09:48:00 INFO  factory.FactoryMonitor - Car removed from storage
2025-05-12 09:48:00 INFO  factory.FactoryMonitor - Car removed from storage
2025-05-12 09:48:00 INFO  factory.FactoryMonitor - Detail added: MotorDetail
2025-05-12 09:48:00 INFO  factory.FactoryMonitor - Detail added: Car
2025-05-12 09:48:00 INFO  factory.FactoryMonitor - Detail added: AccessoryDetail
2025-05-12 09:48:00 INFO  factory.FactoryMonitor - Detail added: MotorDetail
2025-05-12 09:48:00 INFO  factory.FactoryMonitor - Detail added: Car
2025-05-12 09:48:00 INFO  factory.FactoryMonitor - Detail added: AccessoryDetail
2025-05-12 09:48:00 INFO  factory.FactoryMonitor - Car removed from storage
2025-05-12 09:48:00 INFO  factory.FactoryMonitor - Car removed from storage
2025-05-12 09:48:01 INFO  factory.FactoryMonitor - Detail added: BodyDetail
2025-05-12 09:48:01 INFO  factory.FactoryMonitor - Detail added: BodyDetail
2025-05-12 09:48:01 INFO  factory.FactoryMonitor - Car removed from storage
2025-05-12 09:48:01 INFO  factory.FactoryMonitor - Car removed from storage
2025-05-12 09:48:01 INFO  factory.FactoryMonitor - Car removed from storage
2025-05-12 09:48:01 INFO  factory.FactoryMonitor - Detail added: MotorDetail
2025-05-12 09:48:01 INFO  factory.FactoryMonitor - Detail added: Car
2025-05-12 09:48:01 INFO  factory.FactoryMonitor - Detail added: AccessoryDetail
2025-05-12 09:48:01 INFO  factory.FactoryMonitor - Detail added: MotorDetail
2025-05-12 09:48:01 INFO  factory.FactoryMonitor - Detail added: Car
2025-05-12 09:48:01 INFO  factory.FactoryMonitor - Detail added: AccessoryDetail
2025-05-12 09:48:01 INFO  factory.FactoryMonitor - Car removed from storage
2025-05-12 09:48:01 INFO  factory.FactoryMonitor - Car removed from storage
2025-05-12 09:48:02 INFO  factory.FactoryMonitor - Car removed from storage
2025-05-12 09:48:02 INFO  factory.FactoryMonitor - Car removed from storage
2025-05-12 09:48:02 INFO  factory.FactoryMonitor - Car removed from storage
2025-05-12 09:48:02 INFO  factory.FactoryMonitor - Car removed from storage
2025-05-12 09:48:03 INFO  factory.FactoryMonitor - Car removed from storage
2025-05-12 09:48:03 INFO  factory.FactoryMonitor - Detail added: MotorDetail
2025-05-12 09:48:03 INFO  factory.FactoryMonitor - Detail added: AccessoryDetail
2025-05-12 09:48:03 INFO  factory.FactoryMonitor - Detail added: Car
2025-05-12 09:48:03 INFO  factory.FactoryMonitor - Detail added: MotorDetail
2025-05-12 09:48:03 INFO  factory.FactoryMonitor - Detail added: Car
2025-05-12 09:48:03 INFO  factory.FactoryMonitor - Detail added: BodyDetail
2025-05-12 09:48:03 INFO  factory.FactoryMonitor - Detail added: BodyDetail
2025-05-12 09:48:03 INFO  factory.FactoryMonitor - Detail added: AccessoryDetail
2025-05-12 09:48:03 INFO  factory.FactoryMonitor - Car removed from storage
2025-05-12 09:48:03 INFO  factory.FactoryMonitor - Car removed from storage
2025-05-12 09:48:03 INFO  factory.FactoryMonitor - Car removed from storage
2025-05-12 09:48:04 INFO  factory.FactoryMonitor - Car removed from storage
2025-05-12 09:48:04 INFO  factory.FactoryMonitor - Car removed from storage
2025-05-12 09:48:04 INFO  factory.FactoryMonitor - Detail added: MotorDetail
2025-05-12 09:48:04 INFO  factory.FactoryMonitor - Detail added: Car
2025-05-12 09:48:04 INFO  factory.FactoryMonitor - Detail added: AccessoryDetail
2025-05-12 09:48:04 INFO  factory.FactoryMonitor - Detail added: MotorDetail
2025-05-12 09:48:04 INFO  factory.FactoryMonitor - Detail added: Car
2025-05-12 09:48:04 INFO  factory.FactoryMonitor - Detail added: AccessoryDetail
2025-05-12 09:48:04 INFO  factory.FactoryMonitor - Car removed from storage
2025-05-12 09:48:04 INFO  factory.FactoryMonitor - Car removed from storage
2025-05-12 09:48:04 INFO  factory.FactoryMonitor - Car removed from storage
2025-05-12 09:48:04 INFO  factory.FactoryMonitor - Detail added: BodyDetail
2025-05-12 09:48:04 INFO  factory.FactoryMonitor - Detail added: BodyDetail
2025-05-12 09:48:05 INFO  factory.FactoryMonitor - Car removed from storage
2025-05-12 09:48:05 INFO  factory.FactoryMonitor - Car removed from storage
2025-05-12 09:48:05 INFO  factory.FactoryMonitor - Detail added: MotorDetail
2025-05-12 09:48:05 INFO  factory.FactoryMonitor - Detail added: Car
2025-05-12 09:48:05 INFO  factory.FactoryMonitor - Detail added: AccessoryDetail
2025-05-12 09:48:05 INFO  factory.FactoryMonitor - Detail added: MotorDetail
2025-05-12 09:48:05 INFO  factory.FactoryMonitor - Detail added: Car
2025-05-12 09:48:05 INFO  factory.FactoryMonitor - Detail added: AccessoryDetail
2025-05-12 09:48:05 INFO  factory.FactoryMonitor - Car removed from storage
2025-05-12 09:48:05 INFO  factory.FactoryMonitor - Car removed from storage
2025-05-12 09:48:05 INFO  factory.FactoryMonitor - Car removed from storage
2025-05-12 09:48:06 INFO  factory.FactoryMonitor - Car removed from storage
2025-05-12 09:48:06 INFO  factory.FactoryMonitor - Car removed from storage
